movieInfo,intro,url,title,star,quote
导演:弗兰克·德拉邦特FrankDarabont   主演:蒂姆·罗宾斯TimRobbins/...;1994 / 美国 / 犯罪剧情;;,"
                                　　20世纪40年代末，小有成就的青年银行家安迪（蒂姆·罗宾斯 Tim Robbins 饰）因涉嫌杀害妻子及她的情人而锒铛入狱。在这座名为肖申克的监狱内，希望似乎虚无缥缈，终身监禁的惩罚无疑注定了安迪接下来灰暗绝望的人生。未过多久，安迪尝试接近囚犯中颇有声望的瑞德（摩根·弗里曼 Morgan Freeman 饰），请求对方帮自己搞来小锤子。以此为契机，二人逐渐熟稔，安迪也仿佛在鱼龙混杂、罪恶横生、黑白混淆的牢狱中找到属于自己的求生之道。他利用自身的专业知识，帮助监狱管理层逃税、洗黑钱，同时凭借与瑞德的交往在犯人中间也渐渐受到礼遇。表面看来，他已如瑞德那样对那堵高墙从憎恨转变为处之泰然，但是对自由的渴望仍促使他朝着心中的希望和目标前进。而关于其罪行的真相，似乎更使这一切朝前推进了一步……
                                    ",https://movie.douban.com/subject/1292052/,肖申克的救赎 / The Shawshank Redemption / 月黑高飞(港)  /  刺激1995(台),9,希望让人自由。
导演:宫崎骏HayaoMiyazaki   主演:柊瑠美RumiHîragi/入野自由Miy...;2001 / 日本 / 剧情动画奇幻;;,,https://movie.douban.com/subject/1291561/,千与千寻 / 千と千尋の神隠し / 神隐少女(台)  /  Spirited Away,9,最好的宫崎骏，最好的久石让。 
导演:罗伯托·贝尼尼RobertoBenigni   主演:罗伯托·贝尼尼RobertoBeni...;1997 / 意大利 / 剧情喜剧爱情战争;;,,https://movie.douban.com/subject/1292063/,美丽人生 / La vita è bella / 一个快乐的传说(港)  /  Life Is Beautiful,9,最美的谎言。
导演:RobertZemeckis   主演:TomHanks/RobinWrightPenn/GarySinise;1994 / 美国 / 剧情爱情;;,,https://movie.douban.com/subject/1292720/,阿甘正传 / Forrest Gump / 福雷斯特·冈普,9,一部美国近现代史。
导演:吕克·贝松LucBesson   主演:让·雷诺JeanReno/娜塔莉·波特曼...;1994 / 法国 / 剧情动作犯罪;;,,https://movie.douban.com/subject/1295644/,这个杀手不太冷 / Léon / 杀手莱昂  /  终极追杀令(台),9,怪蜀黍和小萝莉不得不说的故事。
导演:陈凯歌KaigeChen   主演:张国荣LeslieCheung/张丰毅FengyiZha...;1993 / 中国大陆香港 / 剧情爱情同性;;,,https://movie.douban.com/subject/1291546/,霸王别姬 / 再见，我的妾  /  Farewell My Concubine,9,风华绝代。
导演:安德鲁·斯坦顿AndrewStanton   主演:本·贝尔特BenBurtt/艾丽...;2008 / 美国 / 爱情科幻动画冒险;;,,https://movie.douban.com/subject/2131459/,机器人总动员 / WALL·E / 瓦力(台)  /  太空奇兵·威E(港),9,小瓦力，大人生。
导演:克里斯托弗·诺兰ChristopherNolan   主演:莱昂纳多·迪卡普里奥Le...;2010 / 美国英国 / 剧情科幻悬疑冒险;;,"
                                　　道姆·柯布（莱昂纳多·迪卡普里奥 Leonardo DiCaprio 饰）与同事阿瑟（约瑟夫·戈登-莱维特 Joseph Gordon-Levitt 饰）和纳什（卢卡斯·哈斯 Lukas Haas 饰）在一次针对日本能源大亨齐藤（渡边谦 饰）的盗梦行动中失败，反被齐藤利用。齐藤威逼利诱因遭通缉而流亡海外的柯布帮他拆分他竞争对手的公司，采取极端措施在其唯一继承人罗伯特·费希尔（希里安·墨菲 Cillian Murphy 饰）的深层潜意识中种下放弃家族公司、自立门户的想法。为了重返美国，柯布偷偷求助于岳父迈尔斯（迈克尔·凯恩 Michael Caine 饰），吸收了年轻的梦境设计师艾里阿德妮（艾伦·佩吉 Ellen Page 饰）、梦境演员艾姆斯（汤姆·哈迪 Tom Hardy 饰）和药剂师约瑟夫（迪利普·劳 Dileep Rao 饰）加入行动。在一层层递进的梦境中，柯布不仅要对付费希尔潜意识的本能反抗，还必须直面已逝妻子梅尔（玛丽昂·歌迪亚 Marion Cotillard 饰）的处处破坏，实际情况远比预想危险得多……
                        ",https://movie.douban.com/subject/3541415/,盗梦空间 / Inception / 潜行凶间(港)  /  全面启动(台),9,诺兰给了我们一场无法盗取的梦。
导演:史蒂文·斯皮尔伯格StevenSpielberg   主演:连姆·尼森LiamNeeson...;1993 / 美国 / 剧情历史战争;;,,https://movie.douban.com/subject/1295124/,辛德勒的名单 / Schindler's List / 舒特拉的名单(港)  /  辛德勒名单,9,拯救一个人，就是拯救整个世界。
导演:詹姆斯·卡梅隆JamesCameron   主演:莱昂纳多·迪卡普里奥Leonardo...;1997 / 美国 / 剧情爱情灾难;;,,https://movie.douban.com/subject/1292722/,泰坦尼克号 / Titanic / 铁达尼号(港 / 台),9,失去的才是永恒的。 
导演:刘镇伟JeffreyLau   主演:周星驰StephenChow/吴孟达ManTatNg...;1995 / 香港中国大陆 / 喜剧爱情奇幻冒险;;,,https://movie.douban.com/subject/1292213/,大话西游之大圣娶亲 / 西遊記大結局之仙履奇緣 / 西游记完结篇仙履奇缘  /  齐天大圣西游记,9,一生所爱。
导演:克里斯托夫·巴拉蒂ChristopheBarratier   主演:杰拉尔·朱诺Géra...;2004 / 法国瑞士德国 / 剧情音乐;;,,https://movie.douban.com/subject/1291549/,放牛班的春天 / Les choristes / 歌声伴我心(港)  /  唱诗班男孩,9,天籁一般的童声，是最接近上帝的存在。 
导演:莱塞·霍尔斯道姆LasseHallström   主演:理查·基尔RichardGer...;2009 / 美国英国 / 剧情;;,"
                                　　八公（Forest 饰）是一条谜一样的犬，因为没有人知道它从哪里来。教授帕克（理查·基尔 Richard Gere 饰）在小镇的火车站拣到一只走失的小狗，冥冥中似乎注定小狗和帕克教授有着某种缘分，帕克一抱起这只小狗就再也放不下来，最终，帕克对小狗八公的疼爱感化了起初极力反对养狗的妻子卡特（琼·艾伦 Joan Allen 饰）。八公在帕克的呵护下慢慢长大，帕克上班时八公会一直把他送到车站，下班时八公也会早早便爬在车站等候，八公的忠诚让小镇的人家对它更加疼爱。有一天，八公在帕克要上班时表现异常，居然玩起了以往从来不会的捡球游戏，八公的表现让帕克非常满意，可是就是在那天，帕克因病去世。帕克的妻子、女儿安迪（萨拉·罗默尔 Sarah Roemer 饰）及女婿迈克尔（罗比·萨布莱特 Robbie Sublett 饰）怀着无比沉痛的心情埋葬了帕克，可是不明就里的八公却依然每天傍晚五点准时守候在小站的门前，等待着主人归来……
                                    ",https://movie.douban.com/subject/3011091/,忠犬八公的故事 / Hachi: A Dog's Tale / 忠犬小八(台)  /  秋田犬八千(港),9,永远都不能忘记你所爱的人。
导演:拉库马·希拉尼RajkumarHirani   主演:阿米尔·汗AamirKhan/卡...;2009 / 印度 / 剧情喜剧爱情歌舞;;,"
                                　　本片根据印度畅销书作家奇坦·巴哈特（Chetan Bhagat）的处女作小说《五点人》（Five Point Someone）改编而成。法兰（马德哈万 R Madhavan 饰）、拉杜（沙曼·乔希 Sharman Joshi 饰）与兰乔（阿米尔·汗 Aamir Khan 饰）是皇家工程学院的学生，三人共居一室，结为好友。在以严格著称的学院里，兰乔是个非常与众不同的学生，他不死记硬背，甚至还公然顶撞校长“病毒”（波曼·伊拉尼 Boman Irani 饰），质疑他的教学方法。他不仅鼓动法兰与拉杜去勇敢追寻理想，还劝说校长的二女儿碧雅（卡琳娜·卡普 Kareena Kapoor 饰）离开满眼铜臭的未婚夫。兰乔的特立独行引起了模范学生“消音器”（奥米·维嘉 Omi Vaidya 饰）的不满，他约定十年后再与兰乔一决高下，看哪种生活方式更能取得成功。
                                    ",https://movie.douban.com/subject/3793023/,三傻大闹宝莱坞 / 3 Idiots / 三个傻瓜(台)  /  作死不离3兄弟(港),9,英俊版憨豆，高情商版谢耳朵。
导演:朱塞佩·托纳多雷GiuseppeTornatore   主演:蒂姆·罗斯TimRoth/...;1998 / 意大利 / 剧情音乐;;,,https://movie.douban.com/subject/1292001/,海上钢琴师 / La leggenda del pianista sull'oceano / 声光伴我飞(港)  /  一九零零的传奇,9,每个人都要走一条自己坚定了的路，就算是粉身碎骨。 
导演:克里斯托弗·诺兰ChristopherNolan   主演:马修·麦康纳MatthewMc...;2014 / 美国英国加拿大冰岛 / 剧情科幻冒险;;,"
                                　　近未来的地球黄沙遍野，小麦、秋葵等基础农作物相继因枯萎病灭绝，人类不再像从前那样仰望星空，放纵想象力和灵感的迸发，而是每日在沙尘暴的肆虐下倒数着所剩不多的光景。在家务农的前NASA宇航员库珀（马修·麦康纳 Matthew McConaughey 饰）接连在女儿墨菲（麦肯吉·弗依 Mackenzie Foy 饰）的书房发现奇怪的重力场现象，随即得知在某个未知区域内前NASA成员仍秘密进行一个拯救人类的计划。多年以前土星附近出现神秘虫洞，NASA借机将数名宇航员派遣到遥远的星系寻找适合居住的星球。在布兰德教授（迈克尔·凯恩 Michael Caine 饰）的劝说下，库珀忍痛告别了女儿，和其他三名专家教授女儿艾米莉亚·布兰德（安妮·海瑟薇 Anne Hathaway 饰）、罗米利（大卫·吉雅西 David Gyasi 饰）、多伊尔（韦斯·本特利 Wes Bentley 饰）搭乘宇宙飞船前往目前已知的最有希望的三颗星球考察。
                                    ",https://movie.douban.com/subject/1889243/,星际穿越 / Interstellar / 星际启示录(港)  /  星际效应(台),9,爱是一种力量，让我们超越时空感知它的存在。
导演:朱塞佩·托纳多雷GiuseppeTornatore   主演:安东娜拉·塔莉Antonel...;1988 / 意大利法国 / 剧情爱情;;,"
                                　　意大利南部小镇，古灵精怪的小男孩多多（萨瓦特利·卡西欧 饰）喜欢看电影，更喜欢看放映师艾佛特（菲利浦·诺瓦雷 饰）放电影，他和艾佛特成为了忘年之交，在胶片中找到了童年生活的乐趣。
                                    ",https://movie.douban.com/subject/1291828/,天堂电影院 / Nuovo Cinema Paradiso / 星光伴我心(港)  /  新天堂乐园(台),9,那些吻戏，那些青春，都在影院的黑暗里被泪水冲刷得无比清晰。
导演:加布里尔·穆奇诺GabrieleMuccino   主演:威尔·史密斯WillSmith...;2006 / 美国 / 剧情传记家庭;;,,https://movie.douban.com/subject/1849031/,当幸福来敲门 / The Pursuit of Happyness / 寻找快乐的故事(港)  /  追求快乐,8,平民励志片。 
导演:刘伟强/麦兆辉   主演:刘德华/梁朝伟/黄秋生;2002 / 香港 / 剧情犯罪悬疑;;,,https://movie.douban.com/subject/1307914/,无间道 / 無間道 / Infernal Affairs  /  Mou gaan dou,9,香港电影史上永不过时的杰作。
导演:奥利维·那卡什OlivierNakache/艾力克·托兰达EricToledano   主...;2011 / 法国 / 剧情喜剧;;,,https://movie.douban.com/subject/6786002/,触不可及 / Intouchables / 闪亮人生(港)  /  逆转人生(台),9,满满温情的高雅喜剧。
导演:维克多·弗莱明VictorFleming/乔治·库克GeorgeCukor   主演:托...;1939 / 美国 / 剧情历史爱情战争;;,,https://movie.douban.com/subject/1300267/,乱世佳人 / Gone with the Wind / 飘,9,Tomorrow is another day.
导演:宫崎骏HayaoMiyazaki   主演:日高法子NorikoHidaka/坂本千夏Ch...;1988 / 日本 / 儿童动画奇幻家庭;;,,https://movie.douban.com/subject/1291560/,龙猫 / となりのトトロ / 邻居托托罗  /  邻家的豆豆龙,9,人人心中都有个龙猫，童年就永远不会消失。
导演:彼得·威尔PeterWeir   主演:金·凯瑞JimCarrey/劳拉·琳妮Lau...;1998 / 美国 / 剧情科幻;;,,https://movie.douban.com/subject/1292064/,楚门的世界 / The Truman Show / 真人Show(港)  /  真人戏,9,如果再也不能见到你，祝你早安，午安，晚安。
导演:弗朗西斯·福特·科波拉FrancisFordCoppola   主演:马龙·白兰度M...;1972 / 美国 / 剧情犯罪;;,,https://movie.douban.com/subject/1291841/,教父 / The Godfather / Mario Puzo's The Godfather,9,千万不要记恨你的对手，这样会让你失去理智。
导演:罗伯·莱纳RobReiner   主演:玛德琳·卡罗尔MadelineCarroll/卡...;2010 / 美国 / 剧情喜剧爱情;;,"
                                　　布莱斯（卡兰•麦克奥利菲 Callan McAuliffe 饰）全家搬到小镇，邻家女孩朱丽（玛德琳•卡罗尔 Madeline Carroll 饰）前来帮忙。她对他一见钟情，心愿是获得他的吻。两人是同班同学，她一直想方设法接近他，但是他避之不及。她喜欢爬在高高的梧桐树上看风景。但因为施工，树被要被砍掉，她誓死捍卫，希望他并肩作战，但是他退缩了。她的事迹上了报纸，外公对她颇有好感，令他十分困惑。她凭借鸡下蛋的项目获得了科技展第一名，成了全场焦点，令他黯然失色。她把自家鸡蛋送给他，他听家人怀疑她家鸡蛋不卫生，便偷偷把鸡蛋丢掉。她得知真相，很伤心，两人关系跌入冰点。她跟家人诉说，引发争吵。原来父亲一直攒钱照顾傻弟弟，所以生活拮据。她理解了父母，自己动手，还得到了他外公的鼎力相助。他向她道歉，但是并未解决问题。他开始关注她。鸡蛋风波未平，家庭晚宴与午餐男孩评选又把两人扯在了一起……
                        ",https://movie.douban.com/subject/3319755/,怦然心动 / Flipped / 萌动青春  /  青春萌动,8,真正的幸福是来自内心深处。
导演:克里斯托弗·诺兰ChristopherNolan   主演:克里斯蒂安·贝尔Christ...;2008 / 美国英国 / 剧情动作科幻犯罪惊悚;;,"
                                　　从亲眼目睹父母被人杀死的阴影中走出来的“蝙蝠侠”，经历了成长之后，已经不再是那个桀骜不的孤单英雄了。在警官吉姆·戈登和检查官哈维·登特的通力帮助下，“蝙蝠侠”无后顾之忧地继续满世界的奔波，与日益增长起来的犯罪威胁做着永无休止的争斗，而他所在的高谭市，也是进展最为明显的地方，犯罪率以一种惊人的速度持续下降着，毕竟对方是能够上天入地的“蝙蝠侠”，不借两个胆子谁还敢造次呢？不过像高谭这种科技与污秽并存的城市，平静是不可能维持太久的，果不其然，新一轮的混乱很快就席卷了整个城市，人们再一被被恐慌所笼罩着，而声称愿意为这一切负责的，自然就是所有混乱的源头以及支配者--“小丑”了。
                                    ",https://movie.douban.com/subject/1851857/,蝙蝠侠：黑暗骑士 / The Dark Knight / 蝙蝠侠前传2：黑暗骑士  /  黑暗骑士(台),9,无尽的黑暗。
导演:姜文WenJiang   主演:姜文WenJiang/香川照之TeruyukiKagawa/...;2000 / 中国大陆 / 剧情历史战争;;,,https://movie.douban.com/subject/1291858/,鬼子来了 / Devils on the Doorstep,9,对敌人的仁慈，就是对自己残忍。
导演:李安AngLee   主演:苏拉·沙玛SurajSharma/伊尔凡·可汗Irrfan...;2012 / 美国台湾英国加拿大 / 剧情奇幻冒险;;,"
                                　　故事开始于蒙特娄，也结束于蒙特娄。一名在找寻灵感的作家（拉菲·斯波 Rafe Spall 饰）无意间得知派·帕帖尔（伊尔凡·可汗 Irrfan Khan 饰）的传奇故事。派的父亲（阿迪勒·侯赛因 Adil Hussain 饰）开了一家动物园。因这样特殊的生活环境，少年派（苏拉·沙玛 Suraj Sharma 饰 ）对信仰与人的本性自有一套看法。在派17岁那一年，他的父母决定举家移民加拿大以追求更好的生活，而他也必须离开他的初恋情人。在前往加拿大的船上，他们遇见一位残忍成性的法国厨师（杰拉尔·德帕迪约 Gérard Depardieu 饰）。当天深夜在茫茫大海中，原本令派感到刺激无比的暴风雨一瞬间就成了吞噬货船的大灾难。派却奇迹般地活了下来，搭着救生船在太平洋上漂流，而且有一名最令人意想不到的同伴——理查德·帕克，一只孟加拉老虎。神奇的冒险旅程就这样意外开始了……
                        ",https://movie.douban.com/subject/1929463/,少年派的奇幻漂流 / Life of Pi / 少年Pi的奇幻漂流  /  漂流少年Pi,9,瑰丽壮观、无人能及的冒险之旅。
导演:SidneyLumet   主演:亨利·方达HenryFonda/马丁·鲍尔萨姆Marti...;1957 / 美国 / 剧情;;,,https://movie.douban.com/subject/1293182/,十二怒汉 / 12 Angry Men / 12怒汉  /  十二怒汉,9,1957年的理想主义。 
导演:威廉·惠勒WilliamWyler   主演:奥黛丽·赫本AudreyHepburn/格...;1953 / 美国 / 喜剧剧情爱情;;,,https://movie.douban.com/subject/1293839/,罗马假日 / Roman Holiday / 金枝玉叶(港)  /  罗马假期(台),8,爱情哪怕只有一天。
导演:朗·霍华德RonHoward   主演:罗素·克劳RussellCrowe/詹妮弗·...;2001 / 美国 / 传记剧情;;,,https://movie.douban.com/subject/1306029/,美丽心灵 / A Beautiful Mind / 有你终生美丽(港)  /  美丽境界(台),8,爱是一切逻辑和原由。
导演:弗朗西斯·福特·科波拉FrancisFordCoppola   主演:阿尔·帕西诺A...;1974 / 美国 / 剧情犯罪;;,,https://movie.douban.com/subject/1299131/,教父2 / The Godfather: Part Ⅱ / 教父续集  /  教父II,9,优雅的孤独。
导演:杨宇硕Woo-seokYang   主演:宋康昊Kang-hoSong/吴达洙Dal-suO...;2013 / 韩国 / 剧情;;,,https://movie.douban.com/subject/21937445/,辩护人 / 변호인 / 逆权大状(港)  /  正义辩护人(台),9,电影的现实意义大过电影本身。
导演:彼得·威尔PeterWeir   主演:罗宾·威廉姆斯RobinWilliams/罗伯...;1989 / 美国 / 剧情;;,,https://movie.douban.com/subject/1291548/,死亡诗社 / Dead Poets Society / 暴雨骄阳(港)  /  春风化雨(台),9,当一个死水般的体制内出现一个活跃的变数时，所有的腐臭都站在了光明的对面。
导演:詹姆斯·麦克特格JamesMcTeigue   主演:娜塔莉·波特曼NataliePor...;2005 / 美国英国德国 / 剧情动作科幻惊悚;;,,https://movie.douban.com/subject/1309046/,V字仇杀队 / V for Vendetta / V煞(港)  /  V怪客(台),8,一张面具背后的理想与革命。
导演:LouiePsihoyos   主演:JohnChisholm/Mandy-RaeCruikshank/Char...;2009 / 美国 / 纪录片;;,,https://movie.douban.com/subject/3442220/,海豚湾 / The Cove / 血色海湾(台)  /  海湾,9,海豚的微笑，是世界上最高明的伪装。
导演:宫崎骏HayaoMiyazaki   主演:倍赏千惠子ChiekoBaishô/木村拓...;2004 / 日本 / 动画奇幻冒险;;,,https://movie.douban.com/subject/1308807/,哈尔的移动城堡 / ハウルの動く城 / 呼啸山城  /  霍尔的移动城堡,8,带着心爱的人在天空飞翔。
导演:马丁·布莱斯MartinBrest   主演:阿尔·帕西诺AlPacino/克里斯...;1992 / 美国 / 剧情;;,,https://movie.douban.com/subject/1298624/,闻香识女人 / Scent of a Woman / 女人香  /  女人的芳香,8,史上最美的探戈。
导演:比利·怀尔德BillyWilder   主演:查尔斯·劳顿CharlesLaughton/...;1957 / 美国 / 剧情犯罪悬疑;;,"
                                　　伦敦著名刑案辩护律师韦菲爵士（查尔斯•劳顿 Charles Laughton 饰）接受了心脏病治疗，但是身体依旧虚弱，第一天回家休养，护士一直严厉监督他服药，并杜绝烟酒。管家为了便于上楼，还专门为他修了电梯。但是，种种关心照顾，对于这位桀骜不驯、牙尖嘴利的大律师根本不起作用，反倒是一纸诉状令他倍感兴奋。律师梅休和当事人沃尔（泰隆•鲍华 Tyrone Power饰）登门拜访，请他出山打官司。原来，沃尔结识了富婆，两人相见甚欢，虽然仆人对他发明的打蛋器充满鄙夷，但是富婆却对他充满爱意，甚至为他修改了遗嘱，把8万英镑留给了他。然而，富婆却惨遭毒手。于是，沃尔成为警方的头号嫌疑犯。他的唯一证人是妻子克里斯汀（玛琳•黛德丽 Marlene Dietrich饰），然而后者登门时的冷漠与淡定，令韦菲爵士怀疑这其中另有隐情。在扑朔迷离的案件背后，隐藏着一个个环环相扣、不可告人的秘密……
                                    ",https://movie.douban.com/subject/1296141/,控方证人 / Witness for the Prosecution / 雄才伟略  /  情妇,9,比利·怀德满分作品。
导演:米洛斯·福尔曼MilošForman   主演:杰克·尼科尔森JackNichols...;1975 / 美国 / 剧情;;,,https://movie.douban.com/subject/1292224/,飞越疯人院 / One Flew Over the Cuckoo's Nest / 飞越杜鹃窝  /  飞越喜鹊巢,9,自由万岁。
导演:GuyRitchie   主演:JasonFlemyng/DexterFletcher/NickMoran;1998 / 英国 / 剧情喜剧犯罪;;,,https://movie.douban.com/subject/1293350/,"两杆大烟枪 / Lock, Stock and Two Smoking Barrels / 够姜四小强(港)  /  两根枪管(台)",9,4个臭皮匠顶个诸葛亮，盖·里奇果然不是盖的。
导演:弗洛里安·亨克尔·冯·多纳斯马FlorianHenckelvonDonnersmarck   ...;2006 / 德国 / 剧情悬疑;;,,https://movie.douban.com/subject/1900841/,窃听风暴 / Das Leben der Anderen / 他人的生活  /  别人的生活,9,别样人生。
导演:彼特·道格特PeteDocter/鲍勃·彼德森BobPeterson   主演:爱德...;2009 / 美国 / 剧情喜剧动画冒险;;,"
                                　　小男孩卡尔（Carl Fredricksen）怀揣着对于冒险的热爱偶遇假小子艾丽（Ellie），而艾丽把整个屋子当成一艘大飞船游戏居然使他对这个女孩子有些着迷，相同的爱好最终使两个人成为了一生的爱侣。
                                    ",https://movie.douban.com/subject/2129039/,飞屋环游记 / Up / 冲天救兵(港)  /  天外奇迹(台),8,最后那些最无聊的事情，才是最值得怀念的。 
导演:拜伦·霍华德ByronHoward/瑞奇·摩尔RichMoore   主演:金妮弗·...;2016 / 美国 / 喜剧动画冒险;;,,https://movie.douban.com/subject/25662329/,疯狂动物城 / Zootopia / 优兽大都会(港)  /  动物方城市(台),9,迪士尼给我们营造的乌托邦就是这样，永远善良勇敢，永远出乎意料。
导演:刘镇伟JeffreyLau   主演:周星驰StephenChow/吴孟达ManTatNg...;1995 / 香港中国大陆 / 喜剧爱情奇幻冒险;;,,https://movie.douban.com/subject/1299398/,大话西游之月光宝盒 / 西遊記第壹佰零壹回之月光寶盒 / 西游记101回月光宝盒  /  齐天大圣东游记,8,旷古烁今。
导演:宫崎骏HayaoMiyazaki   主演:田中真弓MayumiTanaka/横泽启子Ke...;1986 / 日本 / 动画奇幻冒险;;,,https://movie.douban.com/subject/1291583/,天空之城 / 天空の城ラピュタ / Tenkû no shiro Rapyuta  /  Laputa: Castle in the Sky,9,对天空的追逐，永不停止。 
导演:泷田洋二郎YôjirôTakita   主演:本木雅弘MasahiroMotoki/...;2008 / 日本 / 剧情;;,,https://movie.douban.com/subject/2149806/,入殓师 / おくりびと / 礼仪师之奏鸣曲(港)  /  礼仪师(台),8,死可能是一道门，逝去并不是终结，而是超越，走向下一程。
导演:乔纳森·戴米JonathanDemme   主演:朱迪·福斯特JodieFoster/安...;1991 / 美国 / 剧情犯罪惊悚;;,,https://movie.douban.com/subject/1293544/,沉默的羔羊 / The Silence of the Lambs / 沉默的羔羊,8,安东尼·霍普金斯的顶级表演。
导演:安迪·沃卓斯基AndyWachowski/拉娜·沃卓斯基LanaWachowski   主...;1999 / 美国澳大利亚 / 动作科幻;;,,https://movie.douban.com/subject/1291843/,黑客帝国 / The Matrix / 廿二世纪杀人网络(港)  /  骇客任务(台),8,视觉革命。
导演:史蒂文·斯皮尔伯格StevenSpielberg   主演:汤姆·汉克斯TomHanks...;1998 / 美国 / 剧情历史战争;;,,https://movie.douban.com/subject/1292849/,拯救大兵瑞恩 / Saving Private Ryan / 雷霆救兵(港)  /  抢救雷恩大兵(台),8,美利坚精神输出大片No1.
导演:朱塞佩·托纳多雷GiuseppeTornatore   主演:莫妮卡·贝鲁奇Monica...;2000 / 意大利美国 / 剧情战争情色;;,"
                                　　当我还只是十三岁时，1941年春末的那一天，我初次见到了她那一天，墨索里尼向英法宣战，而我，得到了生命里的第一辆脚踏车。
                                    ",https://movie.douban.com/subject/1292402/,西西里的美丽传说 / Malèna / 真爱伴我行(台)  /  玛莲娜,8,美丽无罪。
导演:昆汀·塔伦蒂诺QuentinTarantino   主演:约翰·特拉沃尔塔JohnTra...;1994 / 美国 / 剧情喜剧犯罪;;,"
                                　　《低俗小说》由“文森特和马沙的妻子”、“金表”、“邦妮的处境”三个故事以及影片首尾的序幕和尾声五个部分组成。看似独立的小故事里面，却又有环环相扣的人和事。
                                    ",https://movie.douban.com/subject/1291832/,低俗小说 / Pulp Fiction / 黑色追緝令(台)  /  危险人物(港),8,故事的高级讲法。
导演:奥里奥尔·保罗OriolPaulo   主演:马里奥·卡萨斯MarioCasas/阿...;2016 / 西班牙 / 剧情犯罪悬疑惊悚;;,,https://movie.douban.com/subject/26580232/,看不见的客人 / Contratiempo / 佈局(台)  /  死无对证(港),8,你以为你以为的就是你以为的。
导演:大卫·芬奇DavidFincher   主演:凯特·布兰切特CateBlanchett/...;2008 / 美国 / 剧情爱情奇幻;;,,https://movie.douban.com/subject/1485260/,本杰明·巴顿奇事 / The Curious Case of Benjamin Button / 奇幻逆缘(港)  /  返老还童,8,在时间之河里感受溺水之苦。
导演:TimBurton   主演:约翰尼·德普JohnnyDepp/薇诺娜·瑞德Winona...;1990 / 美国 / 剧情奇幻爱情;;,,https://movie.douban.com/subject/1292370/,剪刀手爱德华 / Edward Scissorhands / 幻海奇缘(港)  /  剪刀手爱德华,8,浪漫忧郁的成人童话。
导演:梅尔·吉布森MelGibson   主演:梅尔·吉布森MelGibson/苏菲·玛...;1995 / 美国 / 动作传记剧情历史战争;;,,https://movie.douban.com/subject/1294639/,勇敢的心 / Braveheart / 惊世未了缘(港)  /  梅尔吉勃逊之英雄本色(台),8,史诗大片的典范。
导演:RobertWise   主演:朱丽·安德鲁斯JulieAndrews/克里斯托弗·普...;1965 / 美国 / 剧情传记爱情歌舞;;,,https://movie.douban.com/subject/1294408/,音乐之声 / The Sound of Music / 仙乐飘飘处处闻(港)  /  真善美(台),8,用音乐化解仇恨，让歌声串起美好。
导演:克里斯托弗·诺兰ChristopherNolan   主演:休·杰克曼HughJackman...;2006 / 美国英国 / 剧情悬疑惊悚;;,,https://movie.douban.com/subject/1780330/,致命魔术 / The Prestige / 顶尖对决(台)  /  死亡魔法(港),8,孪生蝙蝠侠大战克隆金刚狼。
导演:马基德·马基迪MajidMajidi   主演:AmirFarrokhHashemian/默罕...;1997 / 伊朗 / 剧情家庭儿童;;,,https://movie.douban.com/subject/1303021/,小鞋子 / بچههای آسمان / 天堂的孩子  /  小童鞋,9,奔跑的孩子是天使。
导演:中岛哲也TetsuyaNakashima   主演:中谷美纪MikiNakatani/瑛太E...;2006 / 日本 / 剧情歌舞;;,,https://movie.douban.com/subject/1787291/,被嫌弃的松子的一生 / 嫌われ松子の一生 / 花样奇缘(港)  /  令人讨厌的松子的一生(台),8,以戏谑来戏谑戏谑。
导演:李濬益Jun-ikLee   主演:薛景求Kyung-guSol/严志媛Ji-wonUhm...;2013 / 韩国 / 剧情;;,,https://movie.douban.com/subject/21937452/,素媛 / 소원 / 许愿  /  希望：为爱重生(台),9,受过伤害的人总是笑得最开心，因为他们不愿意让身边的人承受一样的痛苦。
导演:大卫·芬奇DavidFincher   主演:摩根·弗里曼MorganFreeman/布...;1995 / 美国 / 剧情犯罪悬疑惊悚;;,,https://movie.douban.com/subject/1292223/,七宗罪 / Se7en / 火线追缉令(台)  /  7宗罪,8,警察抓小偷，老鼠玩死猫。
导演:戈尔·维宾斯基GoreVerbinski   主演:约翰尼·德普JohnnyDepp/...;2003 / 美国 / 动作冒险奇幻;;,"
                                　　故事发生在17世纪，传说中海盗最为活跃的加勒比海。风趣迷人的杰克·斯伯洛（约翰尼·德普 Johnny Depp 饰），是活跃在加勒比海上的海盗，拥有属于自己的“黑珍珠”号海盗船。对他来说，最惬意的生活就是驾驶着“黑珍珠”号在加勒比海上游荡，自由自在的打劫过往船只。但不幸的是，他的仇敌，老谋深算的巴尔巴罗萨船长(杰弗里·拉什 Geoffrey Rush 饰)偷走了他的“黑珍珠”号。巴伯萨是一个无恶不作的坏蛋，他抢劫了杰克的""黑珍珠号""后，更加猖狂，在加勒比海上横行霸道，一时成为整个加勒比海的霸主。
                                    ",https://movie.douban.com/subject/1298070/,加勒比海盗 / Pirates of the Caribbean: The Curse of the Black Pearl / 加勒比海盗1：黑珍珠号的诅咒  /  神鬼奇航：鬼盗船魔咒(台),8,约翰尼·德普的独角戏。
导演:史蒂文·斯皮尔伯格StevenSpielberg   主演:莱昂纳多·迪卡普里奥L...;2002 / 美国加拿大 / 传记犯罪剧情;;,"
                                　　弗兰克（莱昂纳多·迪卡普里奥 Leonardo DiCaprio饰）是FBI有史以来年龄最小的通缉犯。他的犯罪手段神通广大，伪装身份的能力超乎常人，全美各地几乎都留下他的犯罪足迹。乔装医生、律师、飞行员，统统都是他曾经的身份。当然，弗兰克凭着这个“本领”，骗取了高达几百万的金额。
                                    ",https://movie.douban.com/subject/1305487/,猫鼠游戏 / Catch Me If You Can / 逍遥法外  /  神鬼交锋(台),8,骗子大师和执著警探的你追我跑故事。 
导演:中岛哲也TetsuyaNakashima   主演:松隆子TakakoMatsu/冈田将生...;2010 / 日本 / 剧情惊悚;;,,https://movie.douban.com/subject/4268598/,告白 / 自白  /  母亲,8,没有一人完全善，也没有一人完全恶。
导演:姜炯哲Hyeong-CheolKang   主演:沈恩京Eun-kyungShim/闵孝琳Hy...;2011 / 韩国 / 剧情喜剧;;,,https://movie.douban.com/subject/4917726/,阳光姐妹淘 / 써니 / 阳光姊妹淘(港)  /  桑尼,8,再多各自牛逼的时光，也比不上一起傻逼的岁月。 
导演:杨德昌EdwardYang   主演:吴念真/李凯莉KellyLee/金燕玲Elai...;2000 / 台湾日本 / 剧情爱情家庭;;,,https://movie.douban.com/subject/1292434/,一一 / Yi yi  /  Yi yi: A One and a Two,8,我们都曾经是一一。
导演:李安AngLee   主演:希斯·莱杰HeathLedger/杰克·吉伦哈尔Jake...;2005 / 美国加拿大 / 剧情爱情同性家庭;;,,https://movie.douban.com/subject/1418834/,断背山 / Brokeback Mountain / 断臂山,8,每个人心中都有一座断背山。
导演:陈可辛PeterChan   主演:黎明LeonLai/张曼玉MaggieCheung/...;1996 / 香港 / 剧情爱情;;,,https://movie.douban.com/subject/1305164/,甜蜜蜜 / Comrades: Almost a Love Story,8,相逢只要一瞬间，等待却像是一辈子。
导演:JamesMangold   主演:JohnCusack/RayLiotta/AmandaPeet;2003 / 美国 / 剧情悬疑惊悚;;,,https://movie.douban.com/subject/1297192/,致命ID / Identity / 杀人游戏  /  致命身份,8,最不可能的那个人永远是最可能的。
导演:刘镇伟JeffreyLau   主演:梁朝伟TonyLeungChiuWai/林青霞Bri...;1993 / 香港 / 喜剧古装;;,,https://movie.douban.com/subject/1316510/,射雕英雄传之东成西就 / 射鵰英雄傳之東成西就 / 东成西就  /  大英雄 (日本),8,百看不厌。 
导演:ChrisColumbus   主演:DanielRadcliffe/EmmaWatson/RupertGrint;2001 / 美国英国 / 奇幻冒险;;,,https://movie.douban.com/subject/1295038/,哈利·波特与魔法石 / Harry Potter and the Sorcerer's Stone / 哈利波特1：神秘的魔法石(港 / 台) ,8,童话世界的开端。
导演:托马斯·温特伯格ThomasVinterberg   主演:麦斯·米科尔森MadsMik...;2012 / 丹麦瑞典 / 剧情;;,,https://movie.douban.com/subject/6985810/,狩猎 / Jagten / 谎言的烙印(台)  /  诬网(港),9,人言可畏。
导演:韦斯·安德森WesAnderson   主演:拉尔夫·费因斯RalphFiennes/...;2014 / 美国德国英国 / 剧情喜剧;;,"
                                　　故事要从一位无名作家（裘德·洛 Jude Law 饰）说起，为了专心创作，他来到了名为“布达佩斯”的饭店，在这里，作家遇见了饭店的主人穆斯塔法（F·莫里·亚伯拉罕 F. Murray Abraham 饰），穆斯塔法邀请作家共进晚餐，席间，他向作家讲述了这座饱经风雨的大饭店的前世今生。
                                    ",https://movie.douban.com/subject/11525673/,布达佩斯大饭店 / The Grand Budapest Hotel / 布达佩斯大酒店(港)  /  欢迎来到布达佩斯大饭店(台),8,小清新的故事里注入了大历史的情怀。
导演:蒂姆·波顿TimBurton   主演:伊万·麦克格雷格EwanMcGregor/阿...;2003 / 美国 / 剧情家庭奇幻冒险;;,,https://movie.douban.com/subject/1291545/,大鱼 / Big Fish / 大鱼奇缘(港)  /  大智若鱼(台),8,抱着梦想而活着的人是幸福的，怀抱梦想而死去的人是不朽的。
导演:MartinScorsese   主演:莱昂纳多·迪卡普里奥LeonardoDiCaprio/...;2010 / 美国 / 剧情悬疑惊悚;;,,https://movie.douban.com/subject/2334904/,禁闭岛 / Shutter Island / 不赦岛(港)  /  隔离岛(台),8,昔日翩翩少年，今日大腹便便。
导演:王家卫KarWaiWong   主演:林青霞BrigitteLin/金城武TakeshiK...;1994 / 香港 / 剧情爱情;;,,https://movie.douban.com/subject/1291999/,重庆森林 / 重慶森林 / Chungking Express,8,寂寞没有期限。
导演:贝纳尔多·贝托鲁奇BernardoBertolucci   主演:尊龙JohnLone/陈...;1987 / 意大利中国大陆英国法国 / 剧情传记历史;;,,https://movie.douban.com/subject/1293172/,末代皇帝 / The Last Emperor / 末代皇帝溥仪(港),8,“不要跟我比惨，我比你更惨”再适合这部电影不过了。
导演:雅克·贝汉JacquesPerrin/雅克·克鲁奥德JacquesCluzaud   主演:...;2009 / 法国瑞士西班牙美国阿联酋 / 纪录片;;,,https://movie.douban.com/subject/3443389/,海洋 / Océans / Oceans  /  海洋,9,大海啊，不全是水。
导演:黑泽明AkiraKurosawa   主演:三船敏郎ToshirôMifune/志村乔...;1954 / 日本 / 动作冒险剧情;;,,https://movie.douban.com/subject/1295399/,七武士 / 七人の侍 / 七侠四义(港)  /  The Seven Samurai,9,时代悲歌。
导演:皮艾尔·柯芬PierreCoffin/克里斯·雷纳德ChrisRenaud   主演:...;2010 / 美国法国 / 喜剧动画冒险;;,,https://movie.douban.com/subject/3287562/,神偷奶爸 / Despicable Me / 卑鄙的我  /  坏蛋奖门人(港),8,Mr. I Don't Care其实也有Care的时候。
导演:米林宏昌HiromasaYonebayashi   主演:志田未来MiraiShida/神木...;2010 / 日本 / 动画奇幻冒险;;,,https://movie.douban.com/subject/4202302/,借东西的小人阿莉埃蒂 / 借りぐらしのアリエッティ / 借物少女艾莉缇(台)  /  借东西的小矮人亚莉亚蒂(港),8,曾经的那段美好会沉淀为一辈子的记忆。
导演:周星驰StephenChow/李力持Lik-ChiLee   主演:周星驰StephenCh...;1999 / 香港 / 喜剧剧情爱情;;,,https://movie.douban.com/subject/1302425/,喜剧之王 / 喜劇之王 / King of Comedy,8,我是一个演员。
导演:森淳一JunichiMori   主演:桥本爱AiHashimoto/三浦贵大Takahir...;2014 / 日本 / 剧情;;,,https://movie.douban.com/subject/25814705/,小森林 夏秋篇 / リトル・フォレスト 夏・秋 / 小森食光 / 夏秋篇(台) ,8,那些静得只能听见呼吸的日子里，你明白孤独即生活。
导演:罗启锐AlexLaw   主演:吴君如SandraNg/任达华SimonYam/钟绍...;2010 / 香港中国大陆 / 剧情家庭;;,"
                                　　60年代的香港，风云变幻。一面要忍受港英政府的压制，一面又受到内地运动的波及，更要面对不时登陆的台风暴雨。老字号的永利街就处在这样一个风暴的旋涡中心。
                                    ",https://movie.douban.com/subject/3792799/,岁月神偷 / 歲月神偷 / 1969太空漫游  /  Echoes Of The Rainbow,8,岁月流逝，来日可追。
导演:北野武TakeshiKitano   主演:北野武TakeshiKitano/关口雄介Yus...;1999 / 日本 / 剧情喜剧;;,,https://movie.douban.com/subject/1293359/,菊次郎的夏天 / 菊次郎の夏 / Kikujirô no natsu  /  菊次郎的夏天,8,从没见过那么流氓的温柔，从没见过那么温柔的流氓。
导演:史蒂文·斯皮尔伯格StevenSpielberg   主演:汤姆·汉克斯TomHanks...;2004 / 美国 / 喜剧剧情爱情;;,,https://movie.douban.com/subject/1292274/,幸福终点站 / The Terminal / 机场客运站(港)  /  航站情缘(台),8,有时候幸福需要等一等。 
导演:迪恩·德布洛斯DeanDeBlois/克里斯·桑德斯ChrisSanders   主演:...;2010 / 美国 / 喜剧动画奇幻冒险家庭;;,,https://movie.douban.com/subject/2353023/,驯龙高手 / How to Train Your Dragon / 驯龙记(港),8,和谐的生活离不开摸头与被摸头。
导演:高畑勋IsaoTakahata   主演:辰己努/白石绫乃/志乃原良子;1988 / 日本 / 动画剧情战争;;,,https://movie.douban.com/subject/1293318/,萤火虫之墓 / 火垂るの墓 / 再见萤火虫(港)  /  萤火挽歌,8,幸福是生生不息，却难以触及的远。 
导演:金秉祐Byeong-wooKim   主演:河正宇Jung-wooHa/李璟荣Kyeong-y...;2013 / 韩国 / 剧情犯罪悬疑;;,,https://movie.douban.com/subject/21360417/,恐怖直播 / 더 테러 라이브 / 死亡“动”新闻(港)  /  恐怖攻击直播(台),8,恐怖分子的“秋菊打官司”。
导演:今敏SatoshiKon   主演:林原惠美MegumiHayashibara/古谷彻T...;2006 / 日本 / 动画悬疑科幻惊悚;;,,https://movie.douban.com/subject/1865703/,红辣椒 / パプリカ / 盗梦侦探  /  帕布莉卡,8,梦的勾结。
导演:托尼·凯耶TonyKaye   主演:艾德里安·布洛迪AdrienBrody/马西...;2011 / 美国 / 剧情;;,"
                                　　亨利•巴赫特（艾德里安•布洛迪 Adrien Brody 饰）来到社区学校担任代课老师。学校因学生反叛、经营不善而濒临绝境，多丽丝（刘玉玲 饰）为首的一批教师备受煎熬。亨利的第一堂课就遭遇了顽劣学生的挑衅，但是被他巧妙地化解。他赢得了女教师萨沙（克里斯蒂娜•亨德里克斯 Christina Hendricks）的好感。同时，他的教学方式引起了同学们的兴趣，其中就包括因肥胖而苦闷的梅丽迪斯。她一直默默地承受着因体重带来的各种责骂与嘲笑。但是因为老师，她似乎又找到了一切的理由……
                                    ",https://movie.douban.com/subject/5322596/,超脱 / Detachment / 人间师格(台),8,穷尽一生，我们要学会的，不过是彼此拥抱。
导演:程小东Siu-TungChing   主演:张国荣LeslieCheung/王祖贤JoeyW...;1987 / 香港 / 剧情爱情武侠古装;;,,https://movie.douban.com/subject/1297447/,倩女幽魂 / 倩女幽魂(87版)  /  A Chinese Ghost Story,8,两张绝世的脸。 
导演:丹尼·博伊尔DannyBoyle   主演:伊万·麦克格雷格EwanMcGregor/...;1996 / 英国 / 犯罪剧情;;,"
                                　　苏格兰爱丁堡，雷登（伊万·麦克格雷格 Ewan McGregor 饰）、土豆（艾文·布莱纳 Ewen Bremner 饰）和病仔（约翰尼·李·米勒 Jonny Lee Miller 饰）三个青年过着混沌糜烂的生活，他们吸毒、滥交、诈骗无所不作，而在如此肆无忌惮挥霍青春的过程中，毒品成为一切万恶之源。雷登对之亦爱亦恨，试图戒毒却最终重蹈覆辙。在一次纵情狂欢后，他们三个不知谁和少女爱丽森（Susan Vidler 饰）所生的婴儿死去。以此为开端，噩梦真正降临。土豆抢劫时锒铛入狱，雷登吸食毒品过量被送往医院抢救，后被强制戒毒。恐怖的幻觉和心底生气的恐惧迫使他不得不和毒品一刀两断。看似美好的新生活，但往日狐朋狗友贝格比（罗伯特·卡莱尔 Robert Carlyle 饰）等找上门来，再度给他带来无限的烦恼……
                                    ",https://movie.douban.com/subject/1292528/,猜火车 / Trainspotting / 迷幻列车(港)  /  定位的火车,8,不可猜的青春迷笛。 
导演:弗朗西斯·福特·科波拉FrancisFordCoppola   主演:阿尔·帕西诺A...;1990 / 美国 / 剧情犯罪;;,,https://movie.douban.com/subject/1294240/,教父3 / The Godfather: Part III / 教父第三集  /  教父 III,8,任何信念的力量，都无法改变命运。
导演:MervynLeRoy   主演:VivienLeigh/RobertTaylor/LucileWatson;1940 / 美国 / 剧情战争爱情;;,,https://movie.douban.com/subject/1293964/,魂断蓝桥 / Waterloo Bridge / 滑铁卢桥  /  断桥残梦,8,中国式内在的美国电影。
导演:森淳一JunichiMori   主演:桥本爱AiHashimoto/三浦贵大Takahir...;2015 / 日本 / 剧情;;,,https://movie.douban.com/subject/25814707/,小森林 冬春篇 / リトル・フォレスト 冬・春 / 小森食光 / 冬春篇(台) ,8,尊敬他人，尊敬你生活的这片土地，明白孤独是人生的常态。
导演:大森贵弘TakahiroOmori   主演:佐仓绫音AyaneSakura/内山昂辉K...;2011 / 日本 / 剧情爱情动画奇幻;;,,https://movie.douban.com/subject/5989818/,萤火之森 / 蛍火の杜へ / 萤火之社  /  Hotarubi no mori e,8,触不到的恋人。
导演:大卫·叶茨DavidYates   主演:丹尼尔·雷德克里夫DanielRadcliffe...;2011 / 美国英国 / 剧情悬疑奇幻冒险;;,,https://movie.douban.com/subject/3011235/,哈利·波特与死亡圣器(下) / Harry Potter and the Deathly Hallows: Part 2 / 哈利波特7：死神的圣物2(港 / 台) ,8,10年的完美句点。
导演:肯尼斯·罗纳根KennethLonergan   主演:卡西·阿弗莱克CaseyAffle...;2016 / 美国 / 剧情家庭;;,,https://movie.douban.com/subject/25980443/,海边的曼彻斯特 / Manchester by the Sea / 情系海边之城(港)  /  海曼,8,我们都有权利不与自己的过去和解。
导演:李焕庆Hwan-kyeongLee   主演:柳承龙Seung-yongRyoo/朴信惠Shi...;2013 / 韩国 / 剧情喜剧家庭;;,,https://movie.douban.com/subject/10777687/,7号房的礼物 / 7번방의 선물 / 戆爸的礼物(港)  /  7号囚房的礼物,8,《我是山姆》的《美丽人生》。
导演:乔·怀特JoeWright   主演:凯拉·奈特莉KeiraKnightley/马修·...;2005 / 法国英国美国 / 剧情爱情;;,,https://movie.douban.com/subject/1418200/,傲慢与偏见 / Pride & Prejudice / 傲慢与偏见2005  /  Pride And Prejudice,8,爱是摈弃傲慢与偏见之后的曙光。
导演:尼克·卡索维茨NickCassavetes   主演:瑞恩·高斯林RyanGosling/...;2004 / 美国 / 剧情爱情;;,,https://movie.douban.com/subject/1309163/,恋恋笔记本 / The Notebook / 深情日记  /  写我情真,8,爱情没有那么多借口，如果不能圆满，只能说明爱的不够。 
导演:杰拉尔·乌里GérardOury   主演:路易·德·菲耐斯LouisdeFunès...;1966 / 法国英国 / 喜剧战争;;,,https://movie.douban.com/subject/1296909/,虎口脱险 / La grande vadrouille / 横冲直撞出重围(港)  /  大進擊(台),8,永远看不腻的喜剧。
导演:特瑞·乔治TerryGeorge   主演:唐·钱德尔DonCheadle/苏菲·奥...;2004 / 英国南非意大利美国 / 剧情历史战争;;,,https://movie.douban.com/subject/1291822/,卢旺达饭店 / Hotel Rwanda / 卢安达饭店(台),8,当这个世界闭上双眼，他却敞开了怀抱。
导演:爱德华·兹威克EdwardZwick   主演:安东尼·霍普金斯AnthonyHopki...;1994 / 美国 / 剧情爱情西部家庭;;,"
                                　　辽阔的西部草原住着一位父亲和他的三个儿子——父亲是退了休的骑兵上校，三个儿子个性鲜明：大儿子艾尔弗莱德（艾丹•奎因 Aidan Quinn  饰）忠厚老实，二儿子特里斯坦（布拉德•皮特 Brad Pitt 饰）狂放不羁，最小的儿子塞缪尔（亨瑞•托马斯Henry Thomas饰）温文尔雅。
                                    ",https://movie.douban.com/subject/1295865/,燃情岁月 / Legends of the Fall / 秋日传奇  /  真爱一世情(台),8,传奇，不是每个人都可以拥有。
导演:吴宇森JohnWoo   主演:周润发Yun-FatChow/狄龙LungTi/张国...;1986 / 香港 / 动作犯罪;;,,https://movie.douban.com/subject/1297574/,英雄本色 / A Better Tomorrow  /  Gangland Boss,8,英雄泪短，兄弟情长。 
导演:达伦·阿罗诺夫斯基DarrenAronofsky   主演:娜塔莉·波特曼Natalie...;2010 / 美国 / 剧情惊悚;;,"
                                　　纽约剧团要重排《天鹅湖》，因前领舞Beth（薇诺娜•赖德 Winona Ryder 饰）离去，总监Thomas（文森特•卡索尔 Vincent Cassel. 饰）决定海选新领舞，且要求领舞要分饰黑天鹅与白天鹅。Nina（娜塔莉•波特曼Natalie Portman 饰）自幼练习芭蕾舞，在母亲的细心关照下，技艺出众。这次，她希望可以脱颖而出。然而，在竞争中，她发现心机颇重的Lily（米拉•库妮丝 Mila Kunis 饰）是自己的强劲对手。在选拔中，她的白天鹅表演的无可挑剔，但是黑天鹅不及Lily。她感到身心俱疲，回家还发现了背部的红斑与脚伤。她一个人找到总监，希望争取一下。总监趁机亲吻她，却被她强硬拒绝。结果，总监居然选了她。队友怀疑她靠色相上位。在酒会上，Beth甚至当众发泄。这种压力外加伤病，一直影响着她的发挥。总监启发她要释放激情，表现出黑天鹅的诱惑。在强大的心理暗示中，她似乎也滑向了黑天鹅的角色……
                        ",https://movie.douban.com/subject/1978709/,黑天鹅 / Black Swan / 夺命黑天鹅  /  霸王别鹅(豆友译名),8,黑暗之美。
导演:科克·德·米科KirkDeMicco/克里斯·桑德斯ChrisSanders   主演...;2013 / 美国 / 喜剧动画冒险;;,"
                                　　原始人咕噜一家六口在老爸Grug（尼古拉斯·凯奇 Nicolas Cage 配音）的庇护下生活。每天抢夺鸵鸟蛋为食，躲避野兽的追击，每晚听老爸叙述同一个故事，在山洞里过着一成不变的生活。大女儿Eep（艾玛·斯通 Emma Stone 配音）是一个和老爸性格截然相反的充满好奇心的女孩，她不满足一辈子留在这个小山洞里，一心想要追逐山洞外面的新奇世界。
                                    ",https://movie.douban.com/subject/1907966/,疯狂原始人 / The Croods / 古鲁家族(港 / 台) ,8,老少皆宜，这就是好莱坞动画的魅力。
导演:今敏SatoshiKon   主演:岩男润子JunkoIwao/松本梨香RicaMatsu...;1997 / 日本 / 动画奇幻惊悚;;,,https://movie.douban.com/subject/1395091/,未麻的部屋 / Perfect Blue / 蓝色的恐惧  /  蓝色恐惧,8,好的剧本是，就算你猜到了结局也猜不到全部。
导演:保罗·哈吉斯PaulHaggis   主演:桑德拉·布洛克SandraBullock/...;2004 / 美国德国 / 犯罪剧情;;,,https://movie.douban.com/subject/1388216/,撞车 / Crash / 冲击效应  /  冲撞,8,天使与魔鬼的冲撞。
导演:达米安·沙泽勒DamienChazelle   主演:迈尔斯·特勒MilesTeller/...;2014 / 美国 / 剧情音乐;;,"
                                　　19岁少年安德鲁（迈尔斯·特勒 Miles Teller 饰）成长在单亲家庭，一心想成为顶级爵士乐鼓手。某晚他在学校练习时被魔鬼导师弗莱彻（J·K·西蒙斯 J.K. Simmons 饰）相中，进入正规乐队，同时也开始为追求完美付出代价。安德鲁越是刻苦练习，与外部世界越是隔膜。唯一理解他的是弗莱彻，但后者的暴躁与喜怒无常扭曲了这段师生关系，更让安德鲁耳濡目染，连带自身的性格亦发生变化。最后当安德鲁终于登上纽约音乐厅的舞台，他才惊恐的发现原来弗莱彻一直等着将他打入尘埃......
                                    ",https://movie.douban.com/subject/25773932/,爆裂鼓手 / Whiplash / 鼓动真我(港)  /  进击的鼓手(台),8,这个世界从不善待努力的人，努力了也不一定会成功，但是知道自己在努力，就是活下去的动力。
导演:阿斯哈·法哈蒂AsgharFarhadi   主演:佩曼·莫阿迪PeymanMoadi/...;2011 / 伊朗法国 / 剧情家庭;;,"
                                　　纳德（佩曼•莫阿迪 Peyman Moadi 饰）与西敏（蕾拉•哈塔米 Leila Hatami 饰）是一对夫妻，他们的女儿叫特梅（萨日娜•法哈蒂 Sarina Farhadi 饰）。西敏希望一家三口移居国外，但是纳德坚决反对，原因是纳德的父亲患有老年痴呆症需要照顾。两人为此对薄公堂，准备离婚，但是法院驳回了她的请求。西敏赌气回了娘家。西敏走后，纳德分身乏术，聘请了一位护工瑞茨（萨瑞•巴亚特 Sareh Bayat 饰）照顾父亲。但是，父亲如厕问题始终困扰瑞茨，依《古兰经》教义，她感到禁忌重重。瑞茨的女儿陪伴在她左右，也令她分神。几个回合下来，纳德某次回家发现，父亲被绑在床上，出离愤怒的他推倒了瑞茨。没想到怀孕的瑞茨竟然流产，瑞茨丈夫怒不可遏将纳德告上了法庭，他们各执一词，然而真相却出人意料……
                                    ",https://movie.douban.com/subject/5964718/,一次别离 / جدایی نادر از سیمین / 分居风暴(台)  /  伊朗式分居(港),8,只有有信仰的人才能说出事实真相。
导演:克里斯托弗·诺兰ChristopherNolan   主演:杰里米·西奥伯德Jeremy...;1998 / 英国 / 犯罪悬疑惊悚;;,,https://movie.douban.com/subject/1397546/,追随 / Following / 跟踪(台)  /  致命追踪,8,诺兰的牛逼来源于内心散发出的恐惧。
导演:黑泽明AkiraKurosawa   主演:三船敏郎ToshirôMifune/千秋实...;1950 / 日本 / 犯罪剧情悬疑;;,,https://movie.douban.com/subject/1291879/,罗生门 / 羅生門 / Rashomon,8,人生的N种可能性。
导演:史蒂芬·戴德利StephenDaldry   主演:凯特·温丝莱特KateWinslet...;2008 / 美国德国 / 剧情爱情;;,"
                                　　15岁的少年米夏·伯格（大卫·克劳斯 David Kross 饰）偶遇36岁的中年神秘女列车售票员汉娜（凯特·温丝莱特 Kate Winslet 饰），后来两个发展出一段秘密的情人关系。汉娜最喜欢躺在米夏怀里听米夏为他读书，她总是沉浸在那朗朗的读书声中。年轻的米夏沉溺于这种关系不能自拔的同时，却发现他自己根本不了解汉娜。忽然有一天，这个神秘女人不告而别，米夏在短暂的迷惑和悲伤之后，开始了新的生活。
                                    ",https://movie.douban.com/subject/2213597/,朗读者 / The Reader / 为爱朗读(台)  /  读爱(港),8,当爱情跨越年龄的界限，它似乎能变得更久远一点，成为一种责任，一种水到渠成的相濡以沫。 
导演:汤姆·提克威TomTykwer   主演:本·卫肖BenWhishaw/艾伦·瑞克...;2006 / 德国法国西班牙美国 / 剧情犯罪奇幻;;,,https://movie.douban.com/subject/1760622/,香水 / Perfume: The Story of a Murderer / 香水：一个杀人犯的故事  /  香水：一个谋杀犯的故事,8,一个单凭体香达到高潮的男人。
导演:忻钰坤YukunXin   主演:霍卫民WeiminHuo/王笑天XiaotianWang...;2014 / 中国大陆 / 剧情犯罪悬疑;;,,https://movie.douban.com/subject/25917973/,心迷宫 / 殡棺  /  The Coffin in the Mountain,8,荒诞讽刺，千奇百巧，抽丝剥茧，百转千回。
导演:卡洛斯·沙尔丹哈CarlosSaldanha/克里斯·韦奇ChrisWedge   主演...;2002 / 美国 / 喜剧动画冒险;;,,https://movie.douban.com/subject/1291578/,冰川时代 / Ice Age / 冰河世纪  /  冰原历险记,8,松鼠才是角儿。
导演:丹尼斯·甘塞尔DennisGansel   主演:尤尔根·沃格尔JürgenVogel...;2008 / 德国 / 剧情惊悚;;,,https://movie.douban.com/subject/2297265/,浪潮 / Die Welle / 恶魔教室(台)  /  白恤暴潮(港),8,世界离独裁只有五天。
导演:史蒂文·斯皮尔伯格StevenSpielberg   主演:海利·乔·奥斯蒙Haley...;2001 / 美国 / 冒险剧情科幻;;,,https://movie.douban.com/subject/1302827/,人工智能 / Artificial Intelligence: AI / AI人工智慧,8,对爱的执着，可以超越一切。
导演:克里斯托弗·诺兰ChristopherNolan   主演:克里斯蒂安·贝尔Christ...;2012 / 美国英国 / 剧情动作科幻犯罪惊悚;;,"
                                　　检察官哈维·登特（艾伦·艾克哈特 Aaron Eckhart 饰）死后的八年间，哥谭市在戈登警长（加里·奥德曼 Gary Oldman 饰）的努力下有效地遏制了犯罪活动。而蝙蝠侠布鲁斯·韦恩（克里斯蒂安·贝尔 Christian Bale 饰）因为背负谋杀登特的罪名，被 警方通缉，在哥谭市销声匿迹。然而，这看似平静的状态被恐怖分子贝恩（汤姆·哈迪 Tom Hardy 饰）的出现打破，他利用猫女（安妮·海瑟薇 Anne Hathaway 饰）偷取布鲁斯的指纹，致使韦恩集团面临破财，布鲁斯被赶出董事会。为了保证韦恩集团投资的能源项目不被坏人利用制造核弹，布鲁斯帮助米兰达（玛丽昂·歌迪亚 Marion Cotillard 饰）成为董事会主席。贝恩接下来一连串精密设计的计划将哥谭市陷入孤绝之境，毁灭之日指日可待。布鲁斯只能再次肩负起拯救哥谭的重任，然而至亲的管家阿福辞职离开、猫女的背叛、贝恩的凶残手段，爱人米拉达的真实面目露出，都让他拯救哥谭的行动变得不可能……
                        ",https://movie.douban.com/subject/3395373/,蝙蝠侠：黑暗骑士崛起 / The Dark Knight Rises / 蝙蝠侠前传3：黑暗骑士崛起  /  黑暗骑士：黎明升起(台),8,诺兰就是保证。
导演:杰茜·尼尔森JessieNelson   主演:SeanPenn/DakotaFanning/Mi...;2001 / 美国 / 剧情家庭;;,,https://movie.douban.com/subject/1306861/,我是山姆 / I Am Sam / 不一样的爸爸(港)  /  他不笨，他是我爸爸(台),8,爱并不需要智商 。
导演:理查德·柯蒂斯RichardCurtis   主演:多姆纳尔·格利森DomhnallGl...;2013 / 英国 / 剧情爱情奇幻;;,,https://movie.douban.com/subject/10577869/,时空恋旅人 / About Time / 时空旅恋人  /  回到最爱的一天(港),8,把每天当作最后一天般珍惜度过，积极拥抱生活，就是幸福。
导演:唐·霍尔DonHall/克里斯·威廉姆斯ChrisWilliams   主演:斯科特...;2014 / 美国 / 喜剧动作科幻动画冒险;;,,https://movie.douban.com/subject/11026735/,超能陆战队 / Big Hero 6 / 大英雄联盟(港)  /  大英雄天团(台),8,Balalala~~~
导演:小津安二郎YasujirôOzu   主演:笠智众ChishûRyû/原节...;1953 / 日本 / 剧情家庭;;,,https://movie.douban.com/subject/1291568/,东京物语 / 東京物語 / 东京故事  /  Tokyo Story,9,东京那么大，如果有一天走失了，恐怕一辈子不能再相见。
导演:理查德·柯蒂斯RichardCurtis   主演:比尔·奈伊BillNighy/肯尼...;2009 / 英国德国法国 / 剧情喜剧音乐;;,"
                                　　1966年，大西洋北海上漂浮着的一艘船，是深受不列颠听众喜爱的摇滚电台的大本营。因吸毒而退学的 Carl（汤姆·斯图里奇 Tom Sturridge 饰）被母亲 Charlotte（艾玛·汤普森 Emma Thompson 饰）送到这里，认识了 Quentin（比尔·奈伊 Bill Nighy 饰）、The Count（菲利普·塞默·霍夫曼 Philip Seymour Hoffman 饰）、Dave（尼克·弗罗斯特 Nick Frost 饰）等热爱音乐崇尚自由的人。另一方面，政府高官 Sir Alistair Dormandy（肯尼思·布拉纳 Kenneth Branagh 饰）决定设法取缔非法电台。随着政府向电台的赞助商施压，电台的收入持续降低。此时，出国两年现已享有国际盛誉的 Gavin（瑞斯·伊凡斯 Rhys Ifans 饰）决定海归，解决了电台的难题。可是，因为 Gavin 的回归，电台内部出现了一些新的问题……
                        ",https://movie.douban.com/subject/3007773/,海盗电台 / The Boat That Rocked / 出位乐人谷(港)  /  海盗电波,8,生命不止，摇滚不死。
导演:严定宪DingxianYan/王树忱ShuchenWang   主演:梁正晖Zhenghui...;1979 / 中国大陆 / 冒险动画奇幻;;,,https://movie.douban.com/subject/1307315/,哪吒闹海 / Prince Nezha's Triumph Against Dragon King  /  Nezha nao hai,8,想你时你在闹海。
导演:新海诚MakotoShinkai   主演:水桥研二KenjiMizuhashi/近藤好美...;2007 / 日本 / 动画剧情爱情;;,,https://movie.douban.com/subject/2043546/,秒速5厘米 / 秒速5センチメートル / 秒速五厘米  /  秒速5公分,8,青春就是放弃和怀念。
导演:徐克HarkTsui   主演:张曼玉MaggieCheung/王祖贤JoeyWang/...;1993 / 香港 / 剧情奇幻古装;;,,https://movie.douban.com/subject/1303394/,青蛇 / Green Snake,8,人生如此，浮生如斯。谁人言，花彼岸，此生情长意短。谁都是不懂爱的罢了。
导演:伦尼·阿伯拉罕森LennyAbrahamson   主演:布丽·拉尔森BrieLarson...;2015 / 爱尔兰加拿大英国美国 / 剧情家庭;;,,https://movie.douban.com/subject/25724855/,房间 / Room / 不存在的房间(台)  /  抖室(港),8,被偷走的岁月，被伤害的生命，被禁锢的灵魂，终将被希望和善意救赎。
导演:约翰·卡尼JohnCarney   主演:凯拉·奈特莉KeiraKnightley/马克...;2013 / 美国 / 喜剧爱情音乐;;,,https://movie.douban.com/subject/6874403/,再次出发之纽约遇见你 / Begin Again / 再次出发  /  歌曲改变人生,8,爱我就给我看你的播放列表。
导演:彼特·道格特PeteDocter/罗纳尔多·德尔·卡门RonaldoDelCarmen  &nb...;2015 / 美国 / 喜剧动画冒险;;,,https://movie.douban.com/subject/10533913/,头脑特工队 / Inside Out / 玩转脑朋友(港)  /  脑筋急转弯(台),8,愿我们都不用长大，每一座城堡都能永远存在。
导演:SeijirôKôyama   主演:山本圭KeiYamamoto/井川比佐志Hisa...;1987 / 日本 / 剧情;;,,https://movie.douban.com/subject/1959195/,忠犬八公物语 / ハチ公物語 / 八千公物语  /  阿八的故事,9,养狗三日，便会对你终其一生。
导演:AlfredHitchcock   主演:JanetLeigh/AnthonyPerkins/VeraMiles;1960 / 美国 / 悬疑惊悚恐怖;;,,https://movie.douban.com/subject/1293181/,惊魂记 / Psycho / 精神病患者  /  触目惊心,8,故事的反转与反转，分裂电影的始祖。
导演:LucBesson   主演:让-马克·巴尔Jean-MarcBarr/让·雷诺JeanRe...;1988 / 法国美国意大利 / 剧情爱情;;,,https://movie.douban.com/subject/1300960/,碧海蓝天 / Le grand bleu / 碧海情深  /  夜海倾情,8,在那片深蓝中，感受来自大海的忧伤寂寞与美丽自由。
导演:宫崎骏HayaoMiyazaki   主演:高山南MinamiTakayama/佐久间玲Re...;1989 / 日本 / 动画奇幻冒险;;,,https://movie.douban.com/subject/1307811/,魔女宅急便 / 魔女の宅急便 / 魔女琪琪(台)  /  小魔女限时专送,8,宫崎骏的电影总让人感觉世界是美好的，阳光明媚的。
导演:保罗·格林格拉斯PaulGreengrass   主演:马特·达蒙MattDamon/...;2004 / 美国德国 / 动作悬疑惊悚;;,,https://movie.douban.com/subject/1308767/,谍影重重2 / The Bourne Supremacy / 叛谍追击2：机密圈套(港)  /  神鬼认证：神鬼疑云(台),8,谁说王家卫镜头很晃？
导演:道格·里曼DougLiman   主演:马特·达蒙MattDamon/弗兰卡·波坦...;2002 / 美国德国捷克 / 动作悬疑惊悚;;,,https://movie.douban.com/subject/1304102/,谍影重重 / The Bourne Identity / 叛谍追击(港)  /  神鬼认证(台),8,哗啦啦啦啦，天在下雨，哗啦啦啦啦，云在哭泣……找自己。
导演:杨德昌EdwardYang   主演:张震ChenChang/杨静怡LisaYang/张...;1991 / 台湾 / 剧情犯罪;;,,https://movie.douban.com/subject/1292329/,牯岭街少年杀人事件 / 牯嶺街少年殺人事件 / A Brighter Summer Day,8,弱者送给弱者的一刀。
导演:王家卫KarWaiWong   主演:张国荣LeslieCheung/张曼玉MaggieC...;1990 / 香港 / 犯罪剧情爱情;;,,https://movie.douban.com/subject/1305690/,阿飞正传 / 阿飛正傳 / Days of Being Wild,8,王家卫是一种风格，张国荣是一个代表。
导演:理查德·林克莱特RichardLinklater   主演:伊桑·霍克EthanHawke...;2013 / 美国 / 剧情爱情;;,"
                                　　被影迷奉为爱情圭臬的《爱在黎明破晓前》、《爱在日落黄昏时》终于迎来了第三部《爱在午夜降临前》。第一部中美国青年杰西（伊桑·霍克 Ethan Hawke 饰）坐火车邂逅法国女孩赛琳（朱莉·德尔佩 Julie Delpy 饰），两人在维也纳度过难忘一晚；9年后的第二部，杰西已成 为作家，他的小说让他和赛琳在巴黎重逢，两人于日落前再续前缘。如今又一个9年过去了，杰西与赛琳已经一起生活并有了一对双胞胎女儿，对人生和爱情也有了更多感悟。《爱在午夜降临前》就是撷取他们在希腊伯罗奔尼撒南部小岛度假的最后一天。
                                    ",https://movie.douban.com/subject/10808442/,爱在午夜降临前 / Before Midnight / 爱在午夜希腊时(台)  /  情约半生(港),8,所谓爱情，就是话唠一路，都不会心生腻烦，彼此嫌弃。
导演:岩井俊二ShunjiIwai   主演:恰拉Chara/伊藤步AyumiIto/三上...;1996 / 日本 / 犯罪剧情;;,,https://movie.douban.com/subject/1307793/,燕尾蝶 / スワロウテイル / Swallowtail Butterfly  /  Suwarôteiru,8,现实与童话交相辉映的旅程。
导演:安东尼·明格拉AnthonyMinghella   主演:拉尔夫·费因斯RalphFien...;1996 / 美国英国 / 爱情剧情战争;;,,https://movie.douban.com/subject/1291853/,英国病人 / The English Patient / 英伦情人(台)  /  别问我是谁(港),8,"In memory, love lives forever..."
导演:新海诚MakotoShinkai   主演:神木隆之介RyûnosukeKamiki/上...;2016 / 日本 / 剧情爱情动画;;,,https://movie.douban.com/subject/26683290/,你的名字。 / 君の名は。 / 你的名字  /  君之名,8,穿越错位的时空，仰望陨落的星辰，你没留下你的名字，我却无法忘记那句“我爱你”。
导演:SergioLeone   主演:ClintEastwood/EliWallach/LeeVanCleef;1966 / 意大利西班牙西德 / 冒险西部;;,,https://movie.douban.com/subject/1401118/,"黄金三镖客 / Il buono, il brutto, il cattivo. / 好·坏·丑  /  独行侠决斗地狱门(港)",9,最棒的西部片。
导演:萨姆·门德斯SamMendes   主演:凯文·史派西KevinSpacey/安妮特...;1999 / 美国 / 剧情爱情家庭;;,,https://movie.douban.com/subject/1292062/,美国丽人 / American Beauty / 美丽有罪(港)  /  美国心·玫瑰情(台),8,每个人的内心都是深不可测的大海。 
导演:普特鹏·普罗萨卡·那·萨克那卡林PuttipongPromsakaNaSakolnakorn/华森·波克彭...;2010 / 泰国 / 剧情喜剧爱情;;,,https://movie.douban.com/subject/4739952/,初恋这件小事 / สิ่งเล็กเล็กที่เรียกว่า...รัก / 初恋那件小事(港)  /  暗恋那点小事,8,黑小鸭速效美白记。
导演:StanleyKubrick   主演:MalcolmMcDowell/PatrickMagee/Michael...;1971 / 英国美国 / 犯罪剧情科幻;;,,https://movie.douban.com/subject/1292233/,发条橙 / A Clockwork Orange / 发条桔子  /  发条橙子,8,我完全康复了。
导演:QuentinTarantino   主演:布拉德·皮特BradPitt/梅拉尼·罗兰M...;2009 / 美国德国 / 剧情犯罪;;,"
                                　　故事分五章进行。二战中德占法国，德军上校汉斯（克里斯托弗·瓦尔兹 Christoph Waltz 饰）号称“犹太猎人”，在一次屠犹行动中，少女苏珊娜（梅勒尼·劳伦特 Mélanie Laurent 饰）侥幸逃脱。与此同时，八名美国犹太士兵在中尉奥尔多（布拉德·皮特 饰） 的带领下潜入德占法国刺杀德国军人，其行动神出鬼没，手法残忍，对德军造成相当威胁，被称为“杂种”。三年后苏珊娜来到巴黎继承了姑母的电影院，结识了德国战斗英雄，电影《国家荣耀》的主演弗里德里克（丹尼尔·布鲁赫 Daniel Brühl 饰）。对苏珊娜一见钟情的弗里德里克说服德国宣传部长约瑟夫·戈培尔（西尔维斯特·格洛斯 Sylvester Groth 饰）在苏珊娜的影院首映《国家荣耀》，希特勒（马丁·乌特克 Martin Wuttke 饰）本人也将出席。苏珊娜决定借放映之机烧毁影院；而在德国间谍女演员布里奇特（戴安娜·克鲁格 Diane Kruger饰）的安排下，英美联合的刺杀行动“奇诺”也将在首映当晚行动……
                                    ",https://movie.douban.com/subject/1438652/,无耻混蛋 / Inglourious Basterds / 恶棍特工(台)  /  希魔撞正杀人狂(港),8,昆汀同学越来越变态了，比北野武还杜琪峰。
导演:StevenSpielberg   主演:HenryThomas/DeeWallace/RobertMacNa...;1982 / 美国 / 剧情科幻;;,,https://movie.douban.com/subject/1294638/,E.T. 外星人 / E.T.: The Extra-Terrestrial / 外星人E.T.  /  外星人,8,生病的E.T.皮肤的颜色就像柿子饼。
导演:雅克·贝汉JacquesPerrin/雅克·克鲁奥德JacquesCluzaud   主演:...;2001 / 法国德国意大利西班牙瑞士 / 纪录片;;,"
                                　　当鸟儿用羽翼去实现梦想，翱翔在我们永远无法凭借自身企及的天空，人类又该赋予他们怎样的赞叹呢？
                                    ",https://movie.douban.com/subject/1292281/,迁徙的鸟 / Le peuple migrateur / 鸟的迁徙  /  鸟与梦飞行,9,最美的飞翔。
导演:西恩·潘SeanPenn   主演:埃米尔·赫斯基EmileHirsch/马西娅·...;2007 / 美国 / 冒险传记剧情;;,,https://movie.douban.com/subject/1905462/,荒野生存 / Into the Wild / 浪荡天涯(港)  /  阿拉斯加之死(台),8,出门必备：本草纲目。
导演:汉内斯·赫尔姆HannesHolm   主演:罗夫·拉斯加德RolfLassgård...;2015 / 瑞典 / 剧情;;,,https://movie.douban.com/subject/26628357/,一个叫欧维的男人决定去死 / En man som heter Ove / 明天别再来敲门(台)  /  想死冇咁易(港),8,惠及一生的美丽。
导演:吴宇森JohnWoo   主演:约翰·特拉沃尔塔JohnTravolta/尼古拉斯...;1997 / 美国 / 动作科幻犯罪惊悚;;,,https://movie.douban.com/subject/1292659/,变脸 / Face/Off / 夺面双雄,8,当发哥的风衣、墨镜出现在了凯奇身上⋯⋯
导演:CharlesChaplin   主演:查理·卓别林CharlesChaplin/弗吉尼亚·...;1931 / 美国 / 喜剧剧情爱情;;,,https://movie.douban.com/subject/1293908/,城市之光 / City Lights / City Lights: A Comedy Romance in Pantomime  /  Lichter der Großstadt,9,永远的小人物，伟大的卓别林。
导演:MichaelCurtiz   主演:亨弗莱·鲍嘉HumphreyBogart/英格丽·褒曼...;1942 / 美国 / 剧情爱情战争;;,,https://movie.douban.com/subject/1296753/,卡萨布兰卡 / Casablanca / 北非谍影(港)  /  卡萨布兰卡,8,世界上有那么多女人那么多酒馆，但她偏偏走进我的这家。
导演:邓肯·琼斯DuncanJones   主演:山姆·洛克威尔SamRockwell/凯文...;2009 / 英国 / 剧情科幻悬疑;;,,https://movie.douban.com/subject/3073124/,月球 / Moon / 月劫余生(港)  /  寂寞月影,8,2009媲美《第九区》的又一部科幻神作。
导演:米歇尔·冈瑞MichelGondry   主演:金·凯瑞JimCarrey/凯特·温...;2004 / 美国 / 剧情爱情奇幻;;,"
                                　　内向沉稳的约尔•巴瑞斯（金•凯瑞 饰）在一次聚会中认识了率真随性的克莱门汀•克罗斯基（凯特•温丝莱特 饰），二人成为情侣。和普通的情侣一样，他们的日子也在甜蜜和争吵中度过。
                                    ",https://movie.douban.com/subject/1308777/,暖暖内含光 / Eternal Sunshine of the Spotless Mind / 暧暧内含光  /  美丽心灵的永恒阳光,8,恋爱是一次神经的冒险。就算失去记忆，也会爱上你。
导演:袁建滔ToeYuen   主演:李晋纬/林海峰JanLamb/吴君如SandraNg;2001 / 香港 / 剧情喜剧动画;;,,https://movie.douban.com/subject/1302476/,麦兜故事 / 麥兜故事 / 麦兜的故事  /  My Life as McDull,8,麦兜是一只很哲学的猪。 
导演:雷德利·斯科特RidleyScott   主演:乔什·哈奈特JoshHartnett/...;2001 / 美国 / 动作历史战争;;,,https://movie.douban.com/subject/1291824/,黑鹰坠落 / Black Hawk Down / 黑鹰降落  /  黑鹰计划,8,还原真实而残酷的战争。
导演:罗伯特·泽米吉斯RobertZemeckis   主演:汤姆·汉克斯TomHanks/...;2000 / 美国 / 冒险剧情;;,,https://movie.douban.com/subject/1298653/,荒岛余生 / Cast Away / 浩劫重生(台)  /  劫后重生(港),8,一个人的独角戏。
导演:李廷香Jeong-hyangLee   主演:金艺芬Eul-boonKim/俞承豪Seung-...;2002 / 韩国 / 剧情家庭;;,,https://movie.douban.com/subject/1299361/,爱·回家 / 집으로... / 外婆的家  /  回家路上,9,献给所有外婆的电影。
导演:安德鲁·尼科尔AndrewNiccol   主演:伊桑·霍克EthanHawke/乌玛...;1997 / 美国 / 剧情科幻;;,,https://movie.douban.com/subject/1300117/,千钧一发 / Gattaca / 变种异煞  /  自然人,8,一部能引人思考的科幻励志片。
导演:秋昌民Chang-minChoo   主演:宋在河Jae-hoSong/李顺载Soon-jae...;2011 / 韩国 / 剧情爱情;;,,https://movie.douban.com/subject/5908478/,我爱你 / 그대를 사랑합니다 / 爱你  /  爱，是一生相伴(台),9,你要相信，这世上真的有爱存在，不管在什么年纪 
导演:罗伯·莱纳RobReiner   主演:杰克·尼科尔森JackNicholson/摩根...;2007 / 美国 / 冒险喜剧剧情;;,,https://movie.douban.com/subject/1867345/,遗愿清单 / The Bucket List / 玩转身前事(港)  /  一路玩到挂(台),8,用剩余不多的时间，去燃烧整个生命。
导演:AlanParker   主演:凯文·史派西KevinSpacey/凯特·温丝莱特Kat...;2003 / 美国德国英国 / 剧情犯罪悬疑;;,,https://movie.douban.com/subject/1305725/,大卫·戈尔的一生 / The Life of David Gale / 铁案悬谜  /  命悬一线,8,捍卫人权只是信仰，一点不妨碍其行为的残忍。
导演:易智言Chih-yenYee   主演:陈柏霖Bo-linChen/桂纶镁LunmeiKwa...;2002 / 台湾法国 / 剧情爱情同性;;,,https://movie.douban.com/subject/1308575/,蓝色大门 / 藍色大門 / 蓝色夏恋  /  Blue Gate Crossing,8,青春的窃窃私语。 
导演:杜琪峰JohnnieTo   主演:吴镇宇FrancisNg/任达华SimonYam/...;1999 / 香港 / 剧情动作犯罪;;,,https://movie.douban.com/subject/1300741/,枪火 / 鎗火 / The Mission,8,一群演技精湛的戏骨，奉献出一个精致的黑帮小品，成就杜琪峰群戏的巅峰之作。
导演:詹姆斯·沃德·布柯特JamesWardByrkit   主演:艾米丽·芭尔多尼Em...;2013 / 美国英国 / 科幻悬疑惊悚;;,,https://movie.douban.com/subject/25807345/,彗星来的那一夜 / Coherence / 相干性  /  相干效应,8,小成本大魅力。
导演:是枝裕和HirokazuKoreeda   主演:阿部宽HiroshiAbe/夏川结衣Yu...;2008 / 日本 / 剧情家庭;;,,https://movie.douban.com/subject/2222996/,步履不停 / 歩いても 歩いても / 横山家之味(港)  /  步伐不停,8,日本的家庭电影已经是世界巅峰了，步履不停是巅峰中的佳作。
导演:爱德华·兹威克EdwardZwick   主演:莱昂纳多·迪卡普里奥Leonardo...;2006 / 美国德国 / 剧情惊悚冒险;;,,https://movie.douban.com/subject/1428175/,血钻 / Blood Diamond / 血腥钻石  /  滴血钻石,8,每个美丽事物背后都是滴血的现实。
导演:JamieUys   主演:MariusWeyers/SandraPrinsloo/N!xau;1980 / 博茨瓦纳南非 / 喜剧;;,,https://movie.douban.com/subject/1297478/,上帝也疯狂 / The Gods Must Be Crazy / 众神也疯狂 (上)  /  上帝一定发疯了 (上),8,纯净原始的笑与感动。
导演:汤姆·霍珀TomHooper   主演:柯林·菲尔斯ColinFirth/杰弗里·...;2010 / 英国澳大利亚美国 / 剧情传记历史;;,,https://movie.douban.com/subject/4023638/,国王的演讲 / The King's Speech / 皇上无话儿(港)  /  王者之声：宣战时刻(台),8,皇上无话儿。
导演:瑞奇·莫尔RichMoore   主演:约翰·C·赖利JohnC.Reilly/萨拉...;2012 / 美国 / 喜剧动画奇幻冒险;;,"
                                　　无敌破坏王（约翰·C·赖利 John C. Reilly 配音）生活在一个80年代出品的低精度游戏中。他的设定身份是一个反派，每天的生活就是在游戏《快手阿修》中大搞破坏，其后由玩家操作的英雄人物快手阿修（杰克·麦克布瑞尔 Jack McBrayer 配音） 会及时赶到进行修补，赢得奖牌，包揽一切荣耀。身为反派，破坏王厌倦了自己的生活，眼看阿修被胜利者的光环围绕，自己却日复一日在无趣中过活，他终于决定改变。单纯的他以为只要自己也能得到一枚奖牌，就可以摆脱反派的身份，于是某日在游戏厅歇业后，破坏王偷偷离开了自己的游戏，前去闯荡其他电子游戏的世界。
                                    ",https://movie.douban.com/subject/6534248/,无敌破坏王 / Wreck-It Ralph / 破坏王拉尔夫  /  破坏王大冒险,8,迪士尼和皮克斯拿错剧本的产物。
导演:宁浩HaoNing   主演:郭涛TaoGuo/刘桦HuaLiu/连晋TeddyLin;2006 / 中国大陆香港 / 喜剧犯罪;;,,https://movie.douban.com/subject/1862151/,疯狂的石头 / Crazy Stone,8,中国版《两杆大烟枪》。
导演:卡比尔·汗KabirKhan   主演:萨尔曼·汗SalmanKhan/哈莎莉·马...;2015 / 印度 / 剧情喜剧动作,,https://movie.douban.com/subject/26393561/,小萝莉的猴神大叔 / Bajrangi Bhaijaan / 娃娃返乡任务(台)  /  宝莱坞之钢铁奶爸(台),8,
导演:加文·欧康诺GavinO'Connor   主演:汤姆·哈迪TomHardy/乔尔·...;2011 / 美国 / 剧情运动家庭;;,,https://movie.douban.com/subject/3217169/,勇士 / Warrior / 勇者无敌(台)  /  钢铁斗士(港),8,热血沸腾，相当完美的娱乐拳击大餐。
导演:大卫·林奇DavidLynch   主演:娜奥米·沃茨NaomiWatts/劳拉·哈...;2001 / 法国美国 / 剧情悬疑惊悚;;,"
                                　　深夜的穆赫兰道发生一桩车祸，女子丽塔（劳拉·赫利 Laura Harring 饰）在车祸中失了忆。她跌跌撞撞来到一个公寓里藏身。
                                    ",https://movie.douban.com/subject/1292217/,穆赫兰道 / Mulholland Dr. / 穆荷兰大道(台)  /  失忆大道(港),8,大卫·林奇的梦境迷宫。
导演:彼得·维纳PeterWerner   主演:詹姆斯·沃克JamesWolk/特里特·...;2008 / 美国 / 剧情传记;;,"
                                　　BoBo（詹姆斯•沃克 James Wolk 饰）患有先天性的妥瑞氏症，这种严重的痉挛疾病，导致他无法控制地扭动脖子和发出奇怪的声音。而这种怪异的行为，更是让他从小不被周围的人理解，在学校里老师经常批评他，同学们更是对他冷嘲热讽，就连他的父亲也对他失望透顶。只有他的母亲一直是他的坚实臂弯，母亲的坚持与鼓励，让他能够在正常人的生活里艰难前行。然而面对这个不能理解他的世界，BoBo一直在痛苦的漩涡里挣扎。直到在一次全校大会上校长在众人面前巧妙的让大家了解了BoBo的真实情况，让他有了成为一名关爱学生的教师的坚定梦想，即使因为这个病症让BoBo在寻求教师梦想的道路上遭到众人怀疑，屡屡受挫，但他始终坚持着自己的这份梦想, 为了找到一个愿意接受自己的学校，不抛弃梦想，不放弃信念，默默的努力。而他曾经曲折的人生道路在他的坚持下也开始慢慢好转…
                                    ",https://movie.douban.com/subject/4798888/,叫我第一名 / Front of the Class / 开放有爱  /  站在教室前,8,乐观比一切都有力量。
导演:布莱恩·辛格BryanSinger   主演:史蒂芬·鲍德温StephenBaldwin/...;1995 / 德国美国 / 剧情犯罪悬疑惊悚;;,"
                                　　美国加州的圣佩雷罗港一艘货轮爆炸，死亡27人，9000万美元失踪。事故发生以后，联邦调查局探员白基奇在医院等待昏迷不醒的幸存者；海关特派员大卫（查兹•帕明特里 饰）则对另外一名拿到特赦令的幸存者金特（凯文•史派西 饰）进行了审问。
                                    ",https://movie.douban.com/subject/1292214/,非常嫌疑犯 / The Usual Suspects / 刺激惊爆点(台)  /  普通嫌疑犯,8,我不信仰上帝，但我敬畏上帝。
导演:是枝裕和HirokazuKoreeda   主演:柳乐优弥YûyaYagira/北浦爱...;2004 / 日本 / 剧情;;,,https://movie.douban.com/subject/1292337/,无人知晓 / 誰も知らない / 谁知赤子心  /  无人知晓的夏日清晨,9,我的平常生活就是他人的幸福。
导演:AndyWachowski/LarryWachowski   主演:KeanuReeves/LaurenceF...;2003 / 美国澳大利亚 / 动作科幻;;,"
                                　　第二集中，尼奥（基努·里维斯 Keanu Reeves 饰）没有能从内部摧毁“母体”，他的身体在真实世界的飞船上陷于昏迷，思想却被困在介于“母体”和真实世界的中间地带，这个地方由“火车人”控制。墨菲斯（劳伦斯·菲什伯恩 Laurence Fishburne 饰）和崔妮蒂（凯瑞-安·莫斯 Carrie-Anne Moss 饰）等人知道了尼奥的情况，在守护天使的带领下， 找到了“火车人”的控制者梅罗纹奇，经过一番激斗，将尼奥救了出来。
                                    ",https://movie.douban.com/subject/1302467/,黑客帝国3：矩阵革命 / The Matrix Revolutions / 骇客任务完结篇：最后战役  /  廿二世纪杀人网络3：惊变世纪,8,不得不说，《黑客帝国》系列是商业片与科幻、哲学完美结合的典范。
导演:理查德·沙因克曼RichardSchenkman   主演:大卫·李·史密斯David...;2007 / 美国 / 剧情科幻;;,,https://movie.douban.com/subject/2300586/,这个男人来自地球 / The Man from Earth / 地球不死人(港)  /  这个人来自洞穴,8,科幻真正的魅力不是视觉效果能取代的。 
导演:李惠民RaymondLee   主演:张曼玉MaggieCheung/林青霞Brigitte...;1992 / 香港中国大陆 / 剧情动作武侠古装;;,,https://movie.douban.com/subject/1292287/,新龙门客栈 / 新龍門客棧 / New Dragon Gate Inn,8,嬉笑怒骂，调风动月。
导演:莫腾·泰杜姆MortenTyldum   主演:本尼迪克特·康伯巴奇BenedictC...;2014 / 英国美国 / 剧情传记战争同性;;,,https://movie.douban.com/subject/10463953/,模仿游戏 / The Imitation Game / 解码游戏(港)  /  模拟游戏,8,他给机器起名“克里斯托弗”，因为这是他初恋的名字。
导演:迈克尔·贝MichaelBay   主演:肖恩·康纳利SeanConnery/尼古拉...;1996 / 美国 / 动作冒险;;,,https://movie.douban.com/subject/1292728/,勇闯夺命岛 / The Rock / 石破天惊  /  绝地任务,8,类型片的极致。 
导演:邓肯·琼斯DuncanJones   主演:杰克·吉伦哈尔JakeGyllenhaal/...;2011 / 美国加拿大 / 科幻悬疑惊悚;;,"
                                　　在阿富汗执行任务的美国空军飞行员科特史蒂文斯上尉（杰克·吉伦哈尔 Jake Gyllenhaal 饰）突然惊醒，发现自己在一辆高速行驶的列车上，而他的身边坐着一个素不相识的女子克里斯蒂安（米歇尔·莫娜汉 Michelle Monaghan 饰）正在与自己讲话。科尔不知自己为什么会在这辆车上，而且他发现自己居然是以另一个人的身份存在，正当他迷惑不解的时候，列车上忽然发生爆炸……
                                    ",https://movie.douban.com/subject/3075287/,源代码 / Source Code / 启动原始码(台)  /  危机解密(港),8,邓肯·琼斯继《月球》之后再度奉献出一部精彩绝伦的科幻佳作。
导演:詹姆斯·卡梅隆JamesCameron   主演:阿诺·施瓦辛格ArnoldSchwarz...;1991 / 美国法国 / 动作科幻;;,,https://movie.douban.com/subject/1291844/,终结者2：审判日 / Terminator 2: Judgment Day / 终结者2  /  终结者2：末日审判,8,少见的超越首部的续集，动作片中的经典。
导演:FrankDarabont   主演:汤姆·汉克斯TomHanks/大卫·摩斯DavidM...;1999 / 美国 / 犯罪剧情奇幻悬疑;;,,https://movie.douban.com/subject/1300374/,绿里奇迹 / The Green Mile / 绿色奇迹(台)  /  绿色英里,8,天使暂时离开。
导演:雷德利·斯科特RidleyScott   主演:吉娜·戴维斯GeenaDavis/苏...;1991 / 美国法国 / 犯罪剧情惊悚;;,,https://movie.douban.com/subject/1291992/,末路狂花 / Thelma & Louise / 塞尔玛与路易丝  /  末路狂花,8,没有了退路，只好飞向自由。
导演:昆汀·塔伦蒂诺QuentinTarantino   主演:杰米·福克斯JamieFoxx/...;2012 / 美国 / 剧情动作西部冒险;;,"
                                　　1858年，美国南北战争前两年。德国赏金猎人金·舒尔茨（克里斯托弗·瓦尔兹 Christoph Waltz饰）从贩奴商人手中买下黑奴姜戈（杰米·福克斯 Jamie Foxx饰），让其重获自由。舒尔茨实则是要把姜戈培养成无法无天的赏金猎人，为其缉拿各种通缉犯以换取报酬。姜 戈的唯一条件是：从暴虐的糖果庄园主卡尔文·坎迪（莱昂纳多·迪卡普里奥 Leonardo DiCaprio饰）手中解救出自己的妻子布鲁姆希尔达（凯丽·华盛顿 Kerry Washington饰）。本片是昆汀向1966年由塞吉奥·考布西执导的经典意大利西部片《迪亚戈》的致敬之作。
                                    ",https://movie.douban.com/subject/6307447/,被解救的姜戈 / Django Unchained / 被解放的姜戈  /  决杀令(台),8,热血沸腾，那个低俗、性感的无耻混蛋又来了。
导演:梅尔·吉布森MelGibson   主演:安德鲁·加菲尔德AndrewGarfield/...;2016 / 美国澳大利亚 / 剧情传记历史战争;;,,https://movie.douban.com/subject/26325320/,血战钢锯岭 / Hacksaw Ridge / 钢锯岭  /  钢铁英雄(台),8,优秀的战争片不会美化战场，不会粉饰死亡，不会矮化敌人，不会无视常识，最重要的，不会宣扬战争。
导演:让-马克·瓦雷Jean-MarcVallée   主演:马修·麦康纳MatthewMcCon...;2013 / 美国 / 剧情传记同性;;,"
                                　　1986年美国达拉斯市，恐同的德州电工罗恩·伍德鲁夫（马修·麦康纳 Matthew McConaughey 饰）发现自己患上“同志病”——艾滋，生命只剩30天。他使用的AZT（叠氮胸苷）是当时美国药管局唯一批准面市的抗艾药物，但毒性极大。为了活下去，罗恩开始研究各种抗艾 处方和替代疗法，甚至走私来自世界各地未经批准的药物。在医生萨克斯（詹妮弗·加纳 Jennifer Garner 饰）和异装癖同性恋雷蒙（杰瑞德·莱托 Jared Leto 饰）的帮助下，罗恩开始成立了一个叫做“达拉斯买家俱乐部”的地下组织，为艾滋病人提供更多“非常规疗法”，很多患病的男同性恋亦求助于他。他的举动自然受到了药管局和药商的阻挠和施压。罗恩最终在1992年9月去世，离他被告知只剩30天可活已经过去了2557天。在这近7年时间里，他坚持不懈的与病魔、与药管局及制药商进行艰苦的斗争，享受真正活过的人生......
                                    ",https://movie.douban.com/subject/1793929/,达拉斯买家俱乐部 / Dallas Buyers Club / 续命枭雄(港)  /  药命俱乐部(台),8,Jared Leto的腿比女人还美！
导演:达伦·阿伦诺夫斯基DarrenAronofsky   主演:艾伦·伯斯汀EllenBur...;2000 / 美国 / 剧情;;,,https://movie.douban.com/subject/1292270/,梦之安魂曲 / Requiem for a Dream / 噩梦挽歌(台)  /  迷上瘾(港),8,一场没有春天的噩梦。
导演:卢卡·圭达尼诺LucaGuadagnino   主演:蒂莫西·柴勒梅德Timothée...;2017 / 意大利法国巴西美国 / 剧情爱情同性;;,,https://movie.douban.com/subject/26799731/,请以你的名字呼唤我 / Call Me by Your Name / 以你的名字呼唤我(港 / 台) ,8,沉醉在电影的情感和视听氛围中无法自拔。
导演:克里斯托弗·史密斯ChristopherSmith   主演:梅利莎·乔治Melissa...;2009 / 英国澳大利亚 / 剧情悬疑惊悚;;,,https://movie.douban.com/subject/3011051/,恐怖游轮 / Triangle / 汪洋血迷宮(台)  /  轮回三角,8,不要企图在重复中寻找已经失去的爱。
导演:阿米尔·汗AamirKhan   主演:达席尔·萨法瑞DarsheelSafary/阿...;2007 / 印度 / 剧情儿童家庭;;,,https://movie.douban.com/subject/2363506/,地球上的星星 / Taare Zameen Par / 心中的小星星(台)  /  每一个孩子都是特别的,8,天使保护事件始末。
导演:安德鲁·尼科尔AndrewNiccol   主演:尼古拉斯·凯奇NicolasCage/...;2005 / 美国法国 / 剧情犯罪;;,,https://movie.douban.com/subject/1419936/,战争之王 / Lord of War / 军火之王(台 / 港) ,8,做一颗让别人需要你的棋子。
导演:陆川ChuanLu   主演:多布杰Duobujie/张磊LeiZhang/亓亮QiL...;2004 / 中国大陆香港 / 剧情犯罪;;,,https://movie.douban.com/subject/1308857/,可可西里 / Kekexili: Mountain Patrol,8,坚硬的信仰。
导演:李力持Lik-ChiLee   主演:周星驰StephenChow/巩俐LiGong/陈...;1993 / 香港 / 喜剧爱情古装;;,,https://movie.douban.com/subject/1306249/,唐伯虎点秋香 / 唐伯虎點秋香 / Flirting Scholar,8,华太师是黄霑，吴镇宇四大才子之一。
导演:王家卫KarWaiWong   主演:梁朝伟TonyLeungChiuWai/张曼玉Ma...;2000 / 香港法国 / 剧情爱情;;,,https://movie.douban.com/subject/1291557/,花样年华 / 花樣年華 / In the Mood for Love,8,偷情本没有这样美。
导演:StanleyDonen/GeneKelly   主演:GeneKelly/DonaldO'Connor/...;1952 / 美国 / 喜剧歌舞爱情;;,,https://movie.douban.com/subject/1293460/,雨中曲 / Singin' in the Rain / 雨中情  /  万花嬉春,9,骨灰级歌舞片。
导演:郭柯KeGuo   主演:;2015 / 中国大陆 / 纪录片;;,,https://movie.douban.com/subject/26430107/,二十二 / Twenty Two  /  22,8,有一些东西不应该被遗忘。
导演:李·昂克里奇LeeUnkrich   主演:汤姆·汉克斯TomHanks/蒂姆·艾...;2010 / 美国 / 喜剧动画奇幻冒险;;,,https://movie.douban.com/subject/1858711/,玩具总动员3 / Toy Story 3 / 反斗奇兵3(港)  /  玩具的故事3,8,跨度十五年的欢乐与泪水。
导演:达米安·斯兹弗隆DamiánSzifron   主演:达里奥·葛兰帝内提Darío...;2014 / 阿根廷西班牙 / 剧情喜剧犯罪;;,,https://movie.douban.com/subject/24750126/,荒蛮故事 / Relatos salvajes / 蛮荒故事  /  生命中最抓狂的小事(台),8,始于荒诞，止于更荒诞。
导演:细田守MamoruHosoda   主演:仲里依纱RiisaNaka/石田卓也Takuya...;2006 / 日本 / 剧情爱情科幻动画;;,,https://movie.douban.com/subject/1937946/,穿越时空的少女 / 時をかける少女 / 跳跃吧！时空少女(台)  /  Toki o kakeru shôjo,8,爱上未来的你。 
导演:吴宇森JohnWoo   主演:周润发Yun-FatChow/张国荣LeslieCheung...;1991 / 香港 / 剧情喜剧动作犯罪;;,,https://movie.douban.com/subject/1295409/,纵横四海 / 緃横四海 / Once a Thief,8,香港浪漫主义警匪动作片的巅峰之作。
导演:克林特·伊斯特伍德ClintEastwood   主演:凯文·科斯特纳KevinCos...;1993 / 美国 / 剧情犯罪;;,,https://movie.douban.com/subject/1300992/,完美的世界 / A Perfect World / 强盗保镳,9,坏人的好总是比好人的好来得更感人。
导演:彼特·道格特PeteDocter/大卫·斯沃曼DavidSilverman   主演:约...;2001 / 美国 / 喜剧动画儿童奇幻;;,"
                                　　我们不知道，在那样的世界里住着那样一群怪物。他们长相滑稽，却必须装作狰狞。因为，在夜深的时候，他们要悄悄的出现在孩子的衣橱里，吓唬刚刚甜美睡去的宝宝。一切，只因为他们是怪物电力公司的员工，而孩子的尖叫，则是怪物王国发电的全部能量。怪物们害怕孩子，却又必须让孩子尖叫。在怪物的国度里，他们都是为全民造福的英雄。
                                    ",https://movie.douban.com/subject/1291579/,"怪兽电力公司 / Monsters, Inc. / 怪兽公司(港)  /  怪物公司",8,不要给它起名字，起了名字就有感情了。
导演:王家卫KarWaiWong   主演:张国荣LeslieCheung/张曼玉MaggieC...;1994 / 香港台湾 / 剧情动作爱情武侠古装;;,,https://movie.douban.com/subject/1292328/,东邪西毒 / 東邪西毒 / Ashes of Time,8,电影诗。
导演:克里斯托弗·诺兰ChristopherNolan   主演:盖·皮尔斯GuyPearce/...;2000 / 美国 / 犯罪剧情悬疑惊悚;;,,https://movie.douban.com/subject/1304447/,记忆碎片 / Memento / 失忆  /  记忆拼图(台),8,一个针管引发的血案。
导演:巴瑞·莱文森BarryLevinson   主演:达斯汀·霍夫曼DustinHoffman...;1988 / 美国 / 剧情;;,,https://movie.douban.com/subject/1291870/,雨人 / Rain Man / 手足情未了  /  手足情深,8,生活在自己的世界里，也可以让周围的人显得可笑和渺小。
导演:李安AngLee   主演:赵文瑄WinstonChao/郎雄SihungLung/归亚...;1993 / 台湾美国 / 剧情喜剧爱情同性家庭;;,,https://movie.douban.com/subject/1303037/,喜宴 / 囍宴 / The Wedding Banquet,8,中国家庭的喜怒哀乐忍。
导演:保罗·格林格拉斯PaulGreengrass   主演:马特·达蒙MattDamon/...;2007 / 美国德国 / 动作悬疑惊悚;;,,https://movie.douban.com/subject/1578507/,谍影重重3 / The Bourne Ultimatum / 叛谍追击3：最后通牒(港)  /  神鬼认证：最后通牒 (台),8,像吃了苏打饼一样干脆的电影。
导演:丹尼·鲍尔DannyBoyle/洛芙琳·坦丹LoveleenTandan   主演:戴夫...;2008 / 英国美国 / 剧情爱情;;,,https://movie.douban.com/subject/2209573/,贫民窟的百万富翁 / Slumdog Millionaire / 贫民百万富翁(台)  /  一百万零一夜(港),8,上帝之城+猜火车+阿甘正传+开心辞典=山寨富翁
导演:理查德·柯蒂斯RichardCurtis   主演:休·格兰特HughGrant/柯林...;2003 / 英国美国法国 / 喜剧剧情爱情;;,,https://movie.douban.com/subject/1292401/,真爱至上 / Love Actually / 爱是您，爱是我(台)  /  真的恋爱了(港),8,爱，是个动词。
导演:近藤喜文YoshifumiKondo   主演:本名阳子YoukoHonna/小林桂树K...;1995 / 日本 / 剧情爱情动画音乐;;,,https://movie.douban.com/subject/1297052/,侧耳倾听 / 耳をすませば / 心之谷  /  梦幻街少女,8,少女情怀总是诗。
导演:理查德·林克莱特RichardLinklater   主演:伊桑·霍克EthanHawke...;2004 / 美国 / 剧情爱情;;,,https://movie.douban.com/subject/1291990/,爱在日落黄昏时 / Before Sunset / 日落巴黎(港)  /  爱在日落巴黎时(台),8,九年后的重逢是世俗和责任的交叠，没了悸动和青涩，沧桑而温暖。
导演:宫崎骏HayaoMiyazaki   主演:岛本须美SumiShimamoto/松田洋治Y...;1984 / 日本 / 科幻动画奇幻冒险;;,,https://movie.douban.com/subject/1291585/,风之谷 / 風の谷のナウシカ / 风谷少女  /  Kaze no tani no Naushika,8,动画片的圣经。
导演:大卫·芬奇DavidFincher   主演:本·阿弗莱克BenAffleck/罗莎蒙...;2014 / 美国 / 剧情犯罪悬疑惊悚;;,,https://movie.douban.com/subject/21318488/,消失的爱人 / Gone Girl / 失踪的女孩  /  失踪女孩,8,年度最佳date movie。
导演:理查德·林克莱特RichardLinklater   主演:伊桑·霍克EthanHawke...;1995 / 美国奥地利瑞士 / 剧情爱情;;,,https://movie.douban.com/subject/1296339/,爱在黎明破晓前 / Before Sunrise / 情留半天(港)  /  爱在黎明破晓时(台),8,缘分是个连绵词，最美不过一瞬。
导演:詹姆斯·卡梅隆JamesCameron   主演:萨姆·沃辛顿SamWorthington...;2009 / 美国英国 / 动作科幻冒险;;,"
                                　　战斗中负伤而下身瘫痪的前海军战士杰克•萨利（萨姆•沃辛顿 Sam Worthington 饰）决定替死去的同胞哥哥来到潘多拉星操纵格蕾丝博士（西格妮•韦弗 Sigourney Weaver 饰）用人类基因与当地纳美部族基因结合创造出的 “阿凡达” 混血生物。杰克的目的是打入纳美部落，外交说服他们自愿离开世代居住的家园，从而SecFor公司可砍伐殆尽该地区的原始森林，开采地下昂贵的“不可得”矿。在探索潘多拉星的过程中，杰克遇到了纳美部落的公主娜蒂瑞（佐伊•索尔达娜 Zoe Saldana 饰），向她学习了纳美人的生存技能与对待自然的态度。与此同时，SecFor公司的经理和军方代表上校迈尔斯（史蒂芬•朗 Stephen Lang 饰）逐渐丧失耐心，决定诉诸武力驱赶纳美人……
                                    ",https://movie.douban.com/subject/1652587/,阿凡达 / Avatar / 天神下凡  /  化身,8,绝对意义上的美轮美奂。
导演:马克·赫门MarkHerman   主演:阿沙·巴特菲尔德AsaButterfield/...;2008 / 英国美国 / 剧情战争;;,,https://movie.douban.com/subject/3008247/,穿条纹睡衣的男孩 / The Boy in the Striped Pajamas / 穿条纹衣服的男孩  /  穿条纹衣的男孩,8,尽管有些不切实际的幻想，这部电影依旧是一部感人肺腑的佳作。
导演:查理·卓别林CharlesChaplin   主演:查理·卓别林CharlesChaplin...;1936 / 美国 / 喜剧剧情爱情;;,,https://movie.douban.com/subject/1294371/,"摩登时代 / Modern Times / The Masses  /  Temps modernes, Les",9,大时代中的人生，小人物的悲喜。
导演:KátiaLund/FernandoMeirelles   主演:AlexandreRodrigues/Lea...;2002 / 巴西法国 / 犯罪剧情;;,"
                                　　巴西里约热内卢的贫民窟，这里是“上帝之城”，更是魔鬼也会叹息着转身的地方。
                                    ",https://movie.douban.com/subject/1292208/,上帝之城 / Cidade de Deus / 无主之城 (港)  /  无法无天 (台),8,被上帝抛弃了的上帝之城。
导演:M·奈特·沙马兰M.NightShyamalan   主演:布鲁斯·威利斯BruceWi...;1999 / 美国 / 剧情悬疑惊悚;;,,https://movie.douban.com/subject/1297630/,第六感 / The Sixth Sense / 灵异第六感  /  鬼眼,8,深入内心的恐怖，出人意料的结局。
导演:宫崎骏HayaoMiyazaki   主演:松田洋治YôjiMatsuda/石田百合...;1997 / 日本 / 动作爱情战争动画奇幻冒险;;,,https://movie.douban.com/subject/1297359/,幽灵公主 / もののけ姫 / 魔法公主  /  幽灵少女,8,人与自然的战争史诗。
导演:姜文WenJiang   主演:夏雨YuXia/宁静JingNing/陶虹HongTao;1994 / 中国大陆香港 / 剧情;;,,https://movie.douban.com/subject/1291875/,阳光灿烂的日子 / In the Heat of the Sun,8,一场华丽的意淫。
导演:格斯·范·桑特GusVanSant   主演:马特·达蒙MattDamon/罗宾·...;1997 / 美国 / 剧情;;,,https://movie.douban.com/subject/1292656/,心灵捕手 / Good Will Hunting / 骄阳似我(港)  /  心灵捕手,8,人生中应该拥有这样的一段豁然开朗。
导演:万籁鸣LaimingWan/唐澄ChengTang   主演:邱岳峰YuefengQiu/...;1961(中国大陆)/1964(中国大陆)/1978(中国大陆)/2004(中国大陆) / 中国大陆 / 动画奇幻;;,,https://movie.douban.com/subject/1418019/,大闹天宫 / 大闹天宫 上下集  /  The Monkey King,9,经典之作，历久弥新。
导演:王家卫KarWaiWong   主演:张国荣LeslieCheung/梁朝伟TonyLeu...;1997 / 香港日本韩国 / 剧情爱情同性;;,,https://movie.douban.com/subject/1292679/,春光乍泄 / 春光乍洩 / 一起快乐  /  Happy Together,8,爱情纠缠，男女一致。
导演:姜文WenJiang   主演:姜文WenJiang/葛优YouGe/周润发Yun-F...;2010 / 中国大陆香港 / 剧情喜剧动作西部;;,,https://movie.douban.com/subject/3742360/,让子弹飞 / 让子弹飞一会儿  /  火烧云,8,你给我翻译翻译，神马叫做TMD的惊喜。
导演:亚当·艾略特AdamElliot   主演:托妮·科莱特ToniCollette/菲利...;2009 / 澳大利亚 / 剧情动画;;,"
                                　　1976年，8岁的玛丽·黛西·丁格尔（贝丝妮·惠特摩尔 Bethany Whitmore 配音）是澳大利亚墨尔本的一个小女孩，喜欢动画片“诺布利特”、甜炼乳和巧克力。玛丽的妈妈是个酒鬼，而在茶叶包装厂工作的父亲平日只喜欢制作鸟标本。孤独的玛丽没有朋友，某一天心血来潮给美国纽约市的马克思·杰瑞·霍罗威茨（菲利普·塞默·霍夫曼 Philip Seymour Hoffman 配音）写了一封信询问美国小孩从哪里来，并附上一根樱桃巧克力棒。44岁的马克思患有自闭症及肥胖，碰巧也喜欢看“诺布利特”动画片及吃巧克力。二人的笔友关系从1976年维持到1994年，期间各自经历了许多人生起伏，直到成年的玛丽（托妮·科莱特 Toni Collette 配音）终于来到纽约看望马克思……
                                    ",https://movie.douban.com/subject/3072124/,玛丽和马克思 / Mary and Max / 巧克力情缘(台)  /  同是天涯寂寞客,8,你是我最好的朋友，你是我唯一的朋友 。
导演:埃里克·布雷斯EricBress/J·麦基·格鲁伯J.MackyeGruber   主...;2004 / 美国加拿大 / 剧情悬疑科幻惊悚;;,,https://movie.douban.com/subject/1292343/,蝴蝶效应 / The Butterfly Effect / 蝴蝶效应,8,人的命运被自己瞬间的抉择改变。
导演:让-皮埃尔·热内Jean-PierreJeunet   主演:奥黛丽·塔图AudreyTau...;2001 / 法国德国 / 喜剧爱情;;,,https://movie.douban.com/subject/1292215/,天使爱美丽 / Le fabuleux destin d'Amélie Poulain / 艾蜜莉的异想世界(台)  /  天使艾米莉,8,法式小清新。 
导演:罗曼·波兰斯基RomanPolanski   主演:艾德里安·布洛迪AdrienBrod...;2002 / 法国德国英国波兰 / 剧情传记历史战争音乐;;,,https://movie.douban.com/subject/1296736/,钢琴家 / The Pianist / 战地琴声(台)  /  战地琴人,9,音乐能化解仇恨。
导演:RogerAllers/罗伯·明可夫RobMinkoff   主演:乔纳森·泰勒·托马...;1994 / 美国 / 剧情动画冒险歌舞家庭;;,,https://movie.douban.com/subject/1301753/,狮子王 / The Lion King / 狮子王3D,8,动物版《哈姆雷特》。
导演:涅提·蒂瓦里NiteshTiwari   主演:阿米尔·汗AamirKhan/法缇玛...;2016 / 印度 / 剧情传记运动家庭;;,,https://movie.douban.com/subject/26387939/,摔跤吧！爸爸 / Dangal / 我和我的冠军女儿(台)  /  打死不离3父女(港),9,你不是在为你一个人战斗，你要让千千万万的女性看到女生并不是只能相夫教子。
导演:赛尔乔·莱翁内SergioLeone   主演:罗伯特·德尼罗RobertDeNiro...;1984 / 意大利美国 / 犯罪剧情;;,,https://movie.douban.com/subject/1292262/,美国往事 / Once Upon a Time in America / 四海兄弟(台)  /  义薄云天(港),9,往事如烟，无处祭奠。
导演:李安AngLee   主演:郎雄SihungLung/杨贵媚Kuei-MeiYang/吴...;1994 / 台湾美国 / 剧情家庭;;,,https://movie.douban.com/subject/1291818/,饮食男女 / 飲食男女 / Eat Drink Man Woman,9,人生不能像做菜，把所有的料都准备好了才下锅。
导演:岩井俊二ShunjiIwai   主演:中山美穗MihoNakayama/丰川悦司Ets...;1995 / 日本 / 剧情爱情;;,,https://movie.douban.com/subject/1292220/,情书 / Love Letter / When I Close My Eyes  /  Letters of Love,8,暗恋的极致。
导演:彼得·杰克逊PeterJackson   主演:伊利亚·伍德ElijahWood/西恩...;2001 / 新西兰美国 / 剧情动作奇幻冒险;;,"
                                　　比尔博•巴金斯是100多岁的哈比人，住在故乡夏尔，生性喜欢冒险，在年轻时的一次探险经历中，他从怪物咕噜手中得到了至尊魔戒，这枚戒指是黑暗魔君索伦打造的至尊魔戒，拥有奴役世界的邪恶力量，能够统领其他几枚力量之戒，在3000年前的人类联盟和半兽人大军的战役中，联盟取得了胜利，并得到了至尊魔戒，数千年的辗转后，魔戒落到咕噜手中，被比尔博碰巧得到。
                                    ",https://movie.douban.com/subject/1291571/,指环王1：魔戒再现 / The Lord of the Rings: The Fellowship of the Ring / 魔戒首部曲：魔戒现身  /  指环王I：护戒使者,8,传说的开始。
导演:彼得·杰克逊PeterJackson   主演:伊利亚·伍德ElijahWood/西恩...;2002 / 美国新西兰 / 剧情动作奇幻冒险;;,"
                                　　第二部在延续第一部风格的同时，故事呈现出多线发展的格局，情节有了更高的观赏性。
                                    ",https://movie.douban.com/subject/1291572/,指环王2：双塔奇兵 / The Lord of the Rings: The Two Towers / 魔戒二部曲：双城奇谋  /  指环王II：双塔,9,承前启后的史诗篇章。
导演:张艺谋YimouZhang   主演:葛优YouGe/巩俐LiGong/姜武WuJiang;1994 / 中国大陆香港 / 剧情历史家庭;;,,https://movie.douban.com/subject/1292365/,活着 / 人生  /  Lifetimes,9,张艺谋最好的电影。
导演:彼得·杰克逊PeterJackson   主演:维果·莫腾森ViggoMortensen/...;2003 / 美国新西兰 / 剧情动作奇幻冒险;;,,https://movie.douban.com/subject/1291552/,指环王3：王者无敌 / The Lord of the Rings: The Return of the King / 魔戒三部曲：王者再临(台 / 港) ,9,史诗的终章。
